section,slot,row,col,radius_px,tissue_fraction,loo_shift_mm,fit_angle_deg,fit_scale,channel,noise_sd,threshold_k,coverage,coverage_k-1,coverage_k+1,mean_residual,anterior,angle_flag
section_s2,1,4377.8,1870.2,671.9,0.99,0.083,107.2,0.874,FITC,138.7,5.0,0.24654339805410333,0.2724198350403852,0.22560007977321614,725.0064086914062,,False
section_s2,1,4377.8,1870.2,671.9,0.99,0.083,107.2,0.874,TRITC,379.6,5.0,0.461183207738002,0.49714739526204077,0.4336934999074061,3591.341064453125,,False
section_s2,2,6209.3,2533.0,701.2,1.0,0.266,109.7,0.912,FITC,138.7,5.0,0.19076704389146334,0.23016754062939557,0.16047340924434858,534.7378540039062,,False
section_s2,2,6209.3,2533.0,701.2,1.0,0.266,109.7,0.912,TRITC,379.6,5.0,0.4646104970033252,0.5308143874050978,0.4133449933619397,2931.85205078125,,False
section_s2,3,4926.1,3470.1,686.1,1.0,0.016,107.2,0.892,FITC,138.7,5.0,0.0005890317022137042,0.0010468669058861242,0.00041590642578809197,2.8639795780181885,,False
section_s2,3,4926.1,3470.1,686.1,1.0,0.016,107.2,0.892,TRITC,379.6,5.0,0.031853022050479546,0.043996137142269756,0.025296578476470516,222.97068786621094,,False
section_s2,4,2588.2,2381.1,674.3,0.988,0.184,106.1,0.877,FITC,138.7,5.0,0.16397576702331185,0.20594345638772762,0.13158860624955715,315.0669860839844,,False
section_s2,4,2588.2,2381.1,674.3,0.988,0.184,106.1,0.877,TRITC,379.6,5.0,0.42811025295826544,0.47781974066463545,0.37596967335081133,2561.608154296875,,False
section_s2,5,1519.3,4286.3,714.4,1.0,0.184,108.5,0.929,FITC,138.7,5.0,0.19808026181876234,0.21889467881303507,0.18007273852048453,377.91534423828125,,False
section_s2,5,1519.3,4286.3,714.4,1.0,0.184,108.5,0.929,TRITC,379.6,5.0,0.32492179860709225,0.3535650855101674,0.3008645806309992,2291.194580078125,,False
section_s2,6,2901.6,4063.6,681.0,0.987,0.084,107.0,0.885,FITC,138.7,5.0,0.10969280618559568,0.13317039591706184,0.09167906659806144,181.0288848876953,,False
section_s2,6,2901.6,4063.6,681.0,0.987,0.084,107.0,0.885,TRITC,379.6,5.0,0.4639259341667941,0.5299079392009345,0.4068551919787509,3044.843994140625,,False
section_s3,1,4919.8,1510.5,538.5,0.087,0.0,216.7,0.7,FITC,195.1,5.0,0.0028928136419001218,0.012662403572878603,0.001116524563540398,178.21112060546875,,True
section_s3,1,4919.8,1510.5,538.5,0.087,0.0,216.7,0.7,TRITC,476.8,5.0,0.0,0.0,0.0,-873.583251953125,,True
section_s3,2,3757.6,-424.4,706.0,1.0,1.881,226.7,0.918,FITC,195.1,5.0,0.11664554743738373,0.1583492850916215,0.08656637279483792,387.2140197753906,,True
section_s3,2,3757.6,-424.4,706.0,1.0,1.881,226.7,0.918,TRITC,476.8,5.0,0.034482758620689655,0.06734787414736729,0.019977892211048502,424.8907775878906,,True
section_s3,3,6010.6,706.1,538.5,1.0,0.015,216.7,0.7,FITC,195.1,5.0,0.01579977076004901,0.019975055882727515,0.012773979069777655,-48.02671813964844,,True
section_s3,3,6010.6,706.1,538.5,1.0,0.015,216.7,0.7,TRITC,476.8,5.0,0.04606756869513282,0.05808839351979939,0.03719989108906543,52.598182678222656,,True
section_s3,4,5885.3,2805.6,538.5,0.117,0.0,216.7,0.7,FITC,195.1,5.0,0.013135840599634645,0.08669654795758866,0.006883368801672348,241.69557189941406,,True
section_s3,4,5885.3,2805.6,538.5,0.117,0.0,216.7,0.7,TRITC,476.8,5.0,0.0,0.0,0.0,-293.7216796875,,True
section_s3,5,7722.9,4339.7,713.8,0.464,1.762,209.8,0.928,FITC,195.1,5.0,0.00017743464130072576,0.00036929486319500646,0.000116847202807795,-85.38420104980469,,True
section_s3,5,7722.9,4339.7,713.8,0.464,1.762,209.8,0.928,TRITC,476.8,5.0,0.005429788535414079,0.00886451927473951,0.0031909384272943526,-131.2772216796875,,True
section_s3,6,6945.5,2004.3,538.5,0.993,0.025,216.6,0.7,FITC,195.1,5.0,0.05495925318336233,0.06103670698022228,0.05069264610391406,321.69476318359375,,True
section_s3,6,6945.5,2004.3,538.5,0.993,0.025,216.6,0.7,TRITC,476.8,5.0,0.0767646352808693,0.09538416609789634,0.06481769297906963,514.740234375,,True
section_s4,1,5491.5,1193.4,636.7,0.906,0.029,91.0,0.828,FITC,127.7,5.0,0.3339254550798064,0.37992629254628824,0.296298415489142,761.7804565429688,,False
section_s4,1,5491.5,1193.4,636.7,0.906,0.029,91.0,0.828,TRITC,246.9,5.0,0.7224474827890235,0.7513244714468144,0.6921911885695362,4591.998046875,,False
section_s4,2,6839.9,2457.8,641.9,1.0,0.079,91.0,0.834,FITC,127.7,5.0,0.2759747358661851,0.3104081277886157,0.2523562474648948,833.2149658203125,,False
section_s4,2,6839.9,2457.8,641.9,1.0,0.079,91.0,0.834,TRITC,246.9,5.0,0.5517053290325072,0.5923790392675718,0.5148930909933749,2852.5458984375,,False
section_s4,3,5517.0,2797.2,633.1,1.0,0.0,90.7,0.823,FITC,127.7,5.0,0.00042243142635718005,0.0007924559464369657,0.00023980129842080523,17.4325008392334,,False
section_s4,3,5517.0,2797.2,633.1,1.0,0.0,90.7,0.823,TRITC,246.9,5.0,0.01946360737381052,0.031151141517704005,0.013900534868061643,105.58744812011719,,False
section_s4,4,3683.8,1335.5,606.9,0.964,0.169,91.8,0.789,FITC,127.7,5.0,0.18575005894962968,0.1981550334914588,0.1768919244835071,690.089599609375,,False
section_s4,4,3683.8,1335.5,606.9,0.964,0.169,91.8,0.789,TRITC,246.9,5.0,0.46092513710832117,0.48797920669488476,0.43814413117211587,2605.422607421875,,False
section_s4,5,1773.4,2637.0,715.3,0.992,0.763,90.9,0.93,FITC,127.7,5.0,0.30879895458213696,0.33070745669121987,0.29088413431663146,1095.05908203125,,False
section_s4,5,1773.4,2637.0,715.3,0.992,0.763,90.9,0.93,TRITC,246.9,5.0,0.3306453787351021,0.3741845997758923,0.29496560316886017,1339.324951171875,,False
section_s4,6,3601.7,2767.8,628.9,1.0,0.07,89.7,0.818,FITC,127.7,5.0,0.7616495618638012,0.7842010211374157,0.742166021749068,4474.8564453125,,False
section_s4,6,3601.7,2767.8,628.9,1.0,0.07,89.7,0.818,TRITC,246.9,5.0,0.06684715774834693,0.08411023905947192,0.05450546302078974,280.55718994140625,,False
section_s5,1,5611.8,1042.9,684.6,0.936,0.171,80.6,0.89,FITC,126.6,5.0,0.4054020895765094,0.4257446802332334,0.3875313610704579,2736.675048828125,,False
section_s5,1,5611.8,1042.9,684.6,0.936,0.171,80.6,0.89,TRITC,145.2,5.0,0.5222032023137501,0.5453443329384161,0.5042983541245615,2209.025390625,,False
section_s5,2,7145.6,2617.7,741.7,0.899,0.373,81.4,0.964,FITC,126.6,5.0,0.2679099479676472,0.2863685539127299,0.25346131059708416,1358.799072265625,,False
section_s5,2,7145.6,2617.7,741.7,0.899,0.373,81.4,0.964,TRITC,145.2,5.0,0.0024676729689351398,0.0036667353562413064,0.0016305187780124672,-83.1205062866211,,False
section_s5,3,5428.4,2718.5,699.5,0.933,0.02,79.6,0.909,FITC,126.6,5.0,0.723038171950457,0.7525942694332369,0.698632628866662,4247.49560546875,,False
section_s5,3,5428.4,2718.5,699.5,0.933,0.02,79.6,0.909,TRITC,145.2,5.0,6.690841979736506e-05,8.781730098404165e-05,4.948435214180124e-05,-3.0155792236328125,,False
section_s5,4,3693.8,585.2,702.4,0.884,0.06,78.8,0.913,FITC,126.6,5.0,0.3915999729604714,0.4408491323425422,0.3483169792289329,971.3707275390625,,False
section_s5,4,3693.8,585.2,702.4,0.884,0.06,78.8,0.913,TRITC,145.2,5.0,0.7539889001216019,0.7704473143140125,0.7373755403158612,4190.3779296875,,False
section_s5,5,2109.8,1706.6,690.5,1.0,0.101,78.8,0.898,FITC,126.6,5.0,0.2194694814992856,0.24903457116532468,0.1947675893655944,636.11474609375,,False
section_s5,5,2109.8,1706.6,690.5,1.0,0.101,78.8,0.898,TRITC,145.2,5.0,0.3981659522760352,0.4327284380883708,0.37124811387520196,1613.615478515625,,False
section_s5,6,3355.5,2347.5,699.8,0.957,0.0,79.5,0.91,FITC,126.6,5.0,0.0034320165388571485,0.007708628245733742,0.0014040376265789484,19.604473114013672,,False
section_s5,6,3355.5,2347.5,699.8,0.957,0.0,79.5,0.91,TRITC,145.2,5.0,0.006507592190889371,0.011302910254974048,0.004237912410592745,-43.88768005371094,,False
section_s6,1,5596.2,2183.6,608.3,0.981,0.25,70.8,0.791,FITC,140.3,5.0,0.2767442003142948,0.2900241637137621,0.26787540743947896,2691.6259765625,,False
section_s6,1,5596.2,2183.6,608.3,0.981,0.25,70.8,0.791,TRITC,669.9,5.0,0.4961545776521144,0.5130516482948236,0.481416202221449,12089.1279296875,,False
section_s6,2,7052.0,3995.2,723.6,1.0,0.673,71.7,0.941,FITC,140.3,5.0,0.2863770343025366,0.3182943011871033,0.2591719515627346,755.5150756835938,,False
section_s6,2,7052.0,3995.2,723.6,1.0,0.673,71.7,0.941,TRITC,669.9,5.0,0.33414199892164415,0.38185529485495384,0.2968967787309806,3976.609619140625,,False
section_s6,3,5263.9,3529.9,631.1,1.0,0.175,73.2,0.82,FITC,140.3,5.0,0.7426906754261875,0.7623604350988243,0.7239711958823859,5238.84765625,,False
section_s6,3,5263.9,3529.9,631.1,1.0,0.175,73.2,0.82,TRITC,669.9,5.0,0.17293180201564884,0.20996715179706044,0.1448901463383445,1586.446044921875,,False
section_s6,4,3839.2,1490.5,637.7,0.968,0.147,72.8,0.829,FITC,140.3,5.0,0.17928138697519955,0.2231668059828908,0.14236447387780377,350.2738037109375,,False
section_s6,4,3839.2,1490.5,637.7,0.968,0.147,72.8,0.829,TRITC,669.9,5.0,0.6983380679291896,0.7270770917239695,0.6706685723617091,12059.515625,,False
section_s6,5,2396.9,2144.6,640.6,1.0,0.233,67.8,0.833,FITC,140.3,5.0,0.25432338190746223,0.28125700588397284,0.23488105996842745,1101.794189453125,,False
section_s6,5,2396.9,2144.6,640.6,1.0,0.233,67.8,0.833,TRITC,669.9,5.0,0.5192472238275689,0.5508515664089924,0.492308169684934,11055.9052734375,,False
section_s6,6,3426.9,3027.1,645.0,1.0,0.006,70.9,0.839,FITC,140.3,5.0,0.0010496454768848481,0.0016968758511155925,0.0006388148492702975,18.428401947021484,,False
section_s6,6,3426.9,3027.1,645.0,1.0,0.006,70.9,0.839,TRITC,669.9,5.0,0.025811945149138402,0.03751411513050184,0.018622791689745608,90.84148406982422,,False
