section,slot,row,col,radius_px,tissue_fraction,loo_shift_mm,fit_angle_deg,fit_scale,channel,noise_sd,threshold_k,coverage,coverage_k-1,coverage_k+1,mean_residual,placement,angle_hint_deg,anchor_row,anchor_col,angle_flag
slide01_s2,1,1148.9,3591.9,669.2,1.0,0.0,197.6,0.87,FITC,340.8,5.0,0.0058316103844598425,0.00890910861294383,0.00467097421653505,163.3690185546875,template,197.6,2408.9,4246.0,False
slide01_s2,1,1148.9,3591.9,669.2,1.0,0.0,197.6,0.87,TRITC,197.0,5.0,0.18347930720042188,0.2557742182408224,0.12987113598064517,515.7076416015625,template,197.6,2408.9,4246.0,False
slide01_s2,2,2021.0,1912.0,669.2,0.976,0.0,197.6,0.87,FITC,340.8,5.0,0.0029490815696597674,0.005625895425902415,0.001968481008235006,118.27694702148438,template,197.6,2408.9,4246.0,False
slide01_s2,2,2021.0,1912.0,669.2,0.976,0.0,197.6,0.87,TRITC,197.0,5.0,0.06849935354617777,0.101108872141917,0.04786670238663762,186.18374633789062,template,197.6,2408.9,4246.0,False
slide01_s2,3,2744.0,3087.0,669.2,1.0,0.0,197.6,0.87,FITC,340.8,5.0,0.00977899013216811,0.01555228301999437,0.00668800764181277,-84.45450592041016,template,197.6,2408.9,4246.0,False
slide01_s2,3,2744.0,3087.0,669.2,1.0,0.0,197.6,0.87,TRITC,197.0,5.0,0.024463466847098356,0.03319696715555694,0.018830188571964668,-47.85553741455078,template,197.6,2408.9,4246.0,False
slide01_s2,4,1754.8,5506.0,669.2,1.0,0.0,197.6,0.87,FITC,340.8,5.0,0.009891560296441185,0.017809357357758623,0.006951171926363066,156.41307067871094,template,197.6,2408.9,4246.0,False
slide01_s2,4,1754.8,5506.0,669.2,1.0,0.0,197.6,0.87,TRITC,197.0,5.0,0.18299848538370397,0.2493999461248638,0.13236012188005747,463.7453308105469,template,197.6,2408.9,4246.0,False
slide01_s2,5,3434.7,6378.1,669.2,1.0,0.0,197.6,0.87,FITC,340.8,5.0,0.0016503995928730032,0.004125288215777309,0.0008614488831016709,19.125879287719727,template,197.6,2408.9,4246.0,False
slide01_s2,5,3434.7,6378.1,669.2,1.0,0.0,197.6,0.87,TRITC,197.0,5.0,0.07150949726070628,0.11703408551372774,0.04373487844472938,240.5739288330078,template,197.6,2408.9,4246.0,False
slide01_s2,6,3349.8,5001.1,669.2,1.0,0.0,197.6,0.87,FITC,340.8,5.0,0.004694518678569398,0.013616591800761926,0.0018557741513618013,-37.0009880065918,template,197.6,2408.9,4246.0,False
slide01_s2,6,3349.8,5001.1,669.2,1.0,0.0,197.6,0.87,TRITC,197.0,5.0,0.008952635469380793,0.01566426906237562,0.005399584920680048,-96.75662994384766,template,197.6,2408.9,4246.0,False
slide01_s3,1,3256.9,3015.2,669.2,1.0,0.0,183.2,0.87,FITC,212.4,5.0,0.149148444085592,0.1727007421706751,0.13051244034986217,543.955322265625,template,183.2,4315.3,3961.2,False
slide01_s3,1,3256.9,3015.2,669.2,1.0,0.0,183.2,0.87,TRITC,99.7,5.0,0.4382161748003133,0.4732777333160857,0.4099672057508632,1418.064208984375,template,183.2,4315.3,3961.2,False
slide01_s3,2,4518.3,1603.9,669.2,1.0,0.0,183.2,0.87,FITC,212.4,5.0,0.0583603187645174,0.07353020615068816,0.047487014297777005,113.55753326416016,template,183.2,4315.3,3961.2,False
slide01_s3,2,4518.3,1603.9,669.2,1.0,0.0,183.2,0.87,TRITC,99.7,5.0,0.23124003150116706,0.25558307011284126,0.21061501195509094,461.29290771484375,template,183.2,4315.3,3961.2,False
slide01_s3,3,4927.3,2921.6,669.2,1.0,0.0,183.2,0.87,FITC,212.4,5.0,0.49461706802033056,0.5367039412287741,0.45786017525891165,2691.974853515625,template,183.2,4315.3,3961.2,False
slide01_s3,3,4927.3,2921.6,669.2,1.0,0.0,183.2,0.87,TRITC,99.7,5.0,0.6617996271359191,0.6855510548727137,0.6414633955650071,3168.328369140625,template,183.2,4315.3,3961.2,False
slide01_s3,4,3369.2,5019.6,669.2,1.0,0.0,183.2,0.87,FITC,212.4,5.0,0.38659794913566453,0.4308577821466623,0.3443595544590698,1126.1337890625,template,183.2,4315.3,3961.2,False
slide01_s3,4,3369.2,5019.6,669.2,1.0,0.0,183.2,0.87,TRITC,99.7,5.0,0.6620125252413251,0.6758505642471244,0.6497460052782001,2991.97412109375,template,183.2,4315.3,3961.2,False
slide01_s3,5,4780.4,6281.1,669.2,1.0,0.0,183.2,0.87,FITC,212.4,5.0,0.04480244958533888,0.058939593384754914,0.03477993250562216,124.9826431274414,template,183.2,4315.3,3961.2,False
slide01_s3,5,4780.4,6281.1,669.2,1.0,0.0,183.2,0.87,TRITC,99.7,5.0,0.16431213448837612,0.20718627481640903,0.13267805409216651,271.8810119628906,template,183.2,4315.3,3961.2,False
slide01_s3,6,5039.6,4926.0,669.2,0.998,0.0,183.2,0.87,FITC,212.4,5.0,0.5771906929324127,0.6067257738505888,0.5497373923778645,3755.57421875,template,183.2,4315.3,3961.2,False
slide01_s3,6,5039.6,4926.0,669.2,0.998,0.0,183.2,0.87,TRITC,99.7,5.0,0.728118345369071,0.7442599747822639,0.7127755386535495,3907.14794921875,template,183.2,4315.3,3961.2,False
slide01_s4,1,1450.8,2143.5,669.2,1.0,0.0,158.9,0.87,FITC,253.1,5.0,0.002712956803075016,0.004646924699634387,0.0016219458801721737,5.709090232849121,template,158.9,2025.9,3441.4,False
slide01_s4,1,1450.8,2143.5,669.2,1.0,0.0,158.9,0.87,TRITC,235.8,5.0,0.004570873775366893,0.007232656124729201,0.003174237642790941,-50.250579833984375,template,158.9,2025.9,3441.4,False
slide01_s4,2,3181.3,1376.7,669.2,1.0,0.0,158.9,0.87,FITC,253.1,5.0,0.02391979257288095,0.03675818364805623,0.01606522468428205,51.89817810058594,template,158.9,2025.9,3441.4,False
slide01_s4,2,3181.3,1376.7,669.2,1.0,0.0,158.9,0.87,TRITC,235.8,5.0,0.12009649227550051,0.14798514803632248,0.09986126036993444,432.5129699707031,template,158.9,2025.9,3441.4,False
slide01_s4,3,3011.6,2745.8,669.2,0.648,0.0,158.9,0.87,FITC,253.1,5.0,0.020062629953866037,0.0336474330377939,0.011905610061128325,-82.0709228515625,template,158.9,2025.9,3441.4,False
slide01_s4,3,3011.6,2745.8,669.2,0.648,0.0,158.9,0.87,TRITC,235.8,5.0,0.07713875154410128,0.09829307617858635,0.06152401015846014,156.13980102539062,template,158.9,2025.9,3441.4,False
slide01_s4,4,727.9,4016.5,669.2,0.966,0.0,158.9,0.87,FITC,253.1,5.0,0.05190194532942104,0.06958381445886165,0.02926641511988949,157.69578552246094,template,158.9,2025.9,3441.4,False
slide01_s4,4,727.9,4016.5,669.2,0.966,0.0,158.9,0.87,TRITC,235.8,5.0,0.05162302131376891,0.09427778918496048,0.029610102495376413,123.21611022949219,template,158.9,2025.9,3441.4,False
slide01_s4,5,1494.7,5747.0,669.2,0.989,0.0,158.9,0.87,FITC,253.1,5.0,0.0580381201201978,0.09226733232449957,0.038125149995760596,237.11117553710938,template,158.9,2025.9,3441.4,False
slide01_s4,5,1494.7,5747.0,669.2,0.989,0.0,158.9,0.87,TRITC,235.8,5.0,0.13002458852659973,0.17914056560796604,0.09295138484708695,282.4981994628906,template,158.9,2025.9,3441.4,False
slide01_s4,6,2288.8,4618.9,669.2,0.92,0.0,158.9,0.87,FITC,253.1,5.0,0.0433050022838479,0.052588786036298886,0.03590471678353836,25.231536865234375,template,158.9,2025.9,3441.4,False
slide01_s4,6,2288.8,4618.9,669.2,0.92,0.0,158.9,0.87,TRITC,235.8,5.0,0.07616690715984385,0.09374442080303338,0.06447716113455071,416.9053039550781,template,158.9,2025.9,3441.4,False
slide02_s2,1,1797.8,2679.8,669.2,1.0,0.0,174.7,0.87,FITC,277.4,5.0,0.010644838244941446,0.023102078007182798,0.005564428030957239,106.24636840820312,template,174.7,2704.2,3772.5,False
slide02_s2,1,1797.8,2679.8,669.2,1.0,0.0,174.7,0.87,TRITC,165.9,5.0,0.24817036289964342,0.3130251966455646,0.1943299551590542,469.2510986328125,template,174.7,2704.2,3772.5,False
slide02_s2,2,3254.7,1471.4,669.2,1.0,0.0,174.7,0.87,FITC,277.4,5.0,0.012996677268608184,0.026202313473942324,0.006816752252172213,146.9635467529297,template,174.7,2704.2,3772.5,False
slide02_s2,2,3254.7,1471.4,669.2,1.0,0.0,174.7,0.87,TRITC,165.9,5.0,0.15834041116579897,0.21022619449528243,0.11909308978482205,324.8905029296875,template,174.7,2704.2,3772.5,False
slide02_s2,3,3463.7,2835.1,669.2,0.735,0.0,174.7,0.87,FITC,277.4,5.0,0.022755325117529843,0.03472305519549614,0.014643347714213856,-108.3053207397461,template,174.7,2704.2,3772.5,False
slide02_s2,3,3463.7,2835.1,669.2,0.735,0.0,174.7,0.87,TRITC,165.9,5.0,0.018631623749733987,0.02534194896399621,0.014439242391998298,-166.5192108154297,template,174.7,2704.2,3772.5,False
slide02_s2,4,1611.5,4678.8,669.2,1.0,0.0,174.7,0.87,FITC,277.4,5.0,0.015945126306579967,0.021881105576138954,0.009262885275402572,23.59897232055664,template,174.7,2704.2,3772.5,False
slide02_s2,4,1611.5,4678.8,669.2,1.0,0.0,174.7,0.87,TRITC,165.9,5.0,0.08424442418087111,0.11603801812776428,0.06307972989588582,116.55511474609375,template,174.7,2704.2,3772.5,False
slide02_s2,5,2820.0,6135.7,669.2,0.986,0.0,174.7,0.87,FITC,277.4,5.0,0.16156102482793414,0.20018738063493208,0.12737775215307556,968.6241455078125,template,174.7,2704.2,3772.5,False
slide02_s2,5,2820.0,6135.7,669.2,0.986,0.0,174.7,0.87,TRITC,165.9,5.0,0.3310907715037296,0.3856206983532125,0.2893423660408634,1352.581787109375,template,174.7,2704.2,3772.5,False
slide02_s2,6,3277.3,4834.1,669.2,0.618,0.0,174.7,0.87,FITC,277.4,5.0,0.024420051091147803,0.033074735174484775,0.018445237969322317,-114.02657318115234,template,174.7,2704.2,3772.5,False
slide02_s2,6,3277.3,4834.1,669.2,0.618,0.0,174.7,0.87,TRITC,165.9,5.0,0.04449666481953696,0.05220402429013886,0.03914497055705906,-13.326502799987793,template,174.7,2704.2,3772.5,False
slide02_s3,1,2147.3,4214.0,669.2,1.0,0.0,191.5,0.87,FITC,207.2,5.0,0.04779599121225281,0.06255121862115386,0.03766492129479253,87.3549575805664,template,191.5,3330.4,4998.6,False
slide02_s3,1,2147.3,4214.0,669.2,1.0,0.0,191.5,0.87,TRITC,96.1,5.0,0.26537518150848743,0.2823664371172152,0.250727277767156,709.0070190429688,template,191.5,3330.4,4998.6,False
slide02_s3,2,3193.3,2636.5,669.2,1.0,0.0,191.5,0.87,FITC,207.2,5.0,0.012289072533958424,0.018011416256971686,0.008675559245199336,35.594173431396484,template,191.5,3330.4,4998.6,False
slide02_s3,2,3193.3,2636.5,669.2,1.0,0.0,191.5,0.87,TRITC,96.1,5.0,0.1809919534649996,0.2310871600159495,0.14361511961055937,231.9553985595703,template,191.5,3330.4,4998.6,False
slide02_s3,3,3787.0,3881.9,669.2,1.0,0.0,191.5,0.87,FITC,207.2,5.0,0.4348696582927859,0.4723097610935086,0.40042743608004017,1512.541015625,template,191.5,3330.4,4998.6,False
slide02_s3,3,3787.0,3881.9,669.2,1.0,0.0,191.5,0.87,TRITC,96.1,5.0,0.625557038622766,0.6391043600754517,0.6129947959977086,2509.83642578125,template,191.5,3330.4,4998.6,False
slide02_s3,4,2545.9,6181.7,669.2,1.0,0.0,191.5,0.87,FITC,207.2,5.0,0.0007903699955079691,0.0011485952452705737,0.0005963313185532249,-0.992649257183075,template,191.5,3330.4,4998.6,False
slide02_s3,4,2545.9,6181.7,669.2,1.0,0.0,191.5,0.87,TRITC,96.1,5.0,0.019172158506143847,0.02749520944804881,0.014260065845212576,31.36570167541504,template,191.5,3330.4,4998.6,False
slide02_s3,5,4123.4,7227.7,669.2,1.0,0.0,191.5,0.87,FITC,207.2,5.0,0.00038522909403641197,0.0006993827094683198,0.00020114360445074646,-86.36966705322266,template,191.5,3330.4,4998.6,False
slide02_s3,5,4123.4,7227.7,669.2,1.0,0.0,191.5,0.87,TRITC,96.1,5.0,0.01034148213695534,0.013721121144599507,0.00824759853726665,-27.029008865356445,template,191.5,3330.4,4998.6,False
slide02_s3,6,4185.6,5849.5,669.2,1.0,0.0,191.5,0.87,FITC,207.2,5.0,0.12096848135499255,0.1433382257302169,0.10427060048544896,495.7532043457031,template,191.5,3330.4,4998.6,False
slide02_s3,6,4185.6,5849.5,669.2,1.0,0.0,191.5,0.87,TRITC,96.1,5.0,0.41337578938764485,0.46043875204787676,0.37256395950090443,1121.2056884765625,template,191.5,3330.4,4998.6,False
slide02_s4,1,3550.2,3438.1,669.2,0.862,0.0,188.2,0.87,FITC,236.9,5.0,0.30828077022601447,0.34352456030761575,0.2760605606108803,939.0079956054688,template,188.2,4687.5,4287.6,False
slide02_s4,1,3550.2,3438.1,669.2,0.862,0.0,188.2,0.87,TRITC,114.3,5.0,0.577484915061205,0.5913600920341964,0.5643085650807359,2654.293701171875,template,188.2,4687.5,4287.6,False
slide02_s4,2,4682.8,1921.6,669.2,1.0,0.0,188.2,0.87,FITC,236.9,5.0,0.041872849033993256,0.056526071733694595,0.031667621466942825,91.86711883544922,template,188.2,4687.5,4287.6,False
slide02_s4,2,4682.8,1921.6,669.2,1.0,0.0,188.2,0.87,TRITC,114.3,5.0,0.14533742357451634,0.17236443139155863,0.12449766370086274,238.48561096191406,template,188.2,4687.5,4287.6,False
slide02_s4,3,5205.9,3198.2,669.2,1.0,0.0,188.2,0.87,FITC,236.9,5.0,0.5345830143739618,0.5706504781014401,0.5042251899363076,3426.075439453125,template,188.2,4687.5,4287.6,False
slide02_s4,3,5205.9,3198.2,669.2,1.0,0.0,188.2,0.87,TRITC,114.3,5.0,0.8069426882428911,0.8422240370625459,0.777391591129269,4344.23876953125,template,188.2,4687.5,4287.6,False
slide02_s4,4,3838.0,5425.0,669.2,0.814,0.0,188.2,0.87,FITC,236.9,5.0,0.14012842857492133,0.17055119155312304,0.11672173575916761,499.5286865234375,template,188.2,4687.5,4287.6,False
slide02_s4,4,3838.0,5425.0,669.2,0.814,0.0,188.2,0.87,TRITC,114.3,5.0,0.4575700209914532,0.48804080934102206,0.431459936362017,1526.1123046875,template,188.2,4687.5,4287.6,False
slide02_s4,5,5354.5,6557.7,669.2,1.0,0.0,188.2,0.87,FITC,236.9,5.0,0.05456802319338559,0.08667368194996242,0.038785353806507036,264.1095275878906,template,188.2,4687.5,4287.6,False
slide02_s4,5,5354.5,6557.7,669.2,1.0,0.0,188.2,0.87,TRITC,114.3,5.0,0.2485617953398475,0.28403564909266615,0.2188905830559433,476.6363830566406,template,188.2,4687.5,4287.6,False
slide02_s4,6,5493.8,5185.1,669.2,1.0,0.0,188.2,0.87,FITC,236.9,5.0,0.46266098996389277,0.5078369772268502,0.4204944133284053,2413.188232421875,template,188.2,4687.5,4287.6,False
slide02_s4,6,5493.8,5185.1,669.2,1.0,0.0,188.2,0.87,TRITC,114.3,5.0,0.8215683905268245,0.8445270520001137,0.8011514513973786,3872.32958984375,template,188.2,4687.5,4287.6,False
slide03_s2,1,2119.0,4280.4,669.2,1.0,0.0,209.0,0.87,FITC,251.2,5.0,0.3387341872918352,0.36468415807946053,0.3112752658610401,1361.3209228515625,template,209.0,3483.9,4670.9,False
slide03_s2,1,2119.0,4280.4,669.2,1.0,0.0,209.0,0.87,TRITC,102.7,5.0,0.5266166668325114,0.5454689545665836,0.5110417090163177,2558.58740234375,template,209.0,3483.9,4670.9,False
slide03_s2,2,2639.6,2460.6,669.2,1.0,0.0,209.0,0.87,FITC,251.2,5.0,0.06513662942143497,0.0843223895702927,0.050509566227262485,293.5499572753906,template,209.0,3483.9,4670.9,False
slide03_s2,2,2639.6,2460.6,669.2,1.0,0.0,209.0,0.87,TRITC,102.7,5.0,0.3206880547782806,0.365677290595964,0.2870507846232465,772.974609375,template,209.0,3483.9,4670.9,False
slide03_s2,3,3581.8,3468.4,669.2,1.0,0.0,209.0,0.87,FITC,251.2,5.0,0.784528270238921,0.8074402697385629,0.7597932326551964,7013.80224609375,template,209.0,3483.9,4670.9,False
slide03_s2,3,3581.8,3468.4,669.2,1.0,0.0,209.0,0.87,TRITC,102.7,5.0,0.904026462126295,0.9140720060952727,0.8947876036253227,5685.68701171875,template,209.0,3483.9,4670.9,False
slide03_s2,4,3093.4,6035.8,669.2,1.0,0.0,209.0,0.87,FITC,251.2,5.0,0.001479035506802426,0.0024939623226187956,0.0009410105771294629,-38.51095962524414,template,209.0,3483.9,4670.9,False
slide03_s2,4,3093.4,6035.8,669.2,1.0,0.0,209.0,0.87,TRITC,102.7,5.0,0.03417417793060118,0.05163191418893275,0.02367736130399617,67.14408874511719,template,209.0,3483.9,4670.9,False
slide03_s2,5,4913.2,6556.4,669.2,1.0,0.0,209.0,0.87,FITC,251.2,5.0,0.0024548859622314304,0.00640729500565036,0.001049758704752699,-92.91105651855469,template,209.0,3483.9,4670.9,False
slide03_s2,5,4913.2,6556.4,669.2,1.0,0.0,209.0,0.87,TRITC,102.7,5.0,0.04970397799557921,0.06407863595334722,0.03951485085181842,26.790897369384766,template,209.0,3483.9,4670.9,False
slide03_s2,6,4556.2,5223.8,669.2,1.0,0.0,209.0,0.87,FITC,251.2,5.0,0.20908822766411866,0.2604263727047552,0.16842610262369534,923.6216430664062,template,209.0,3483.9,4670.9,False
slide03_s2,6,4556.2,5223.8,669.2,1.0,0.0,209.0,0.87,TRITC,102.7,5.0,0.7170289661936694,0.7590514468882043,0.6779851952934821,1874.3720703125,template,209.0,3483.9,4670.9,False
slide03_s3,1,2650.9,1440.7,669.2,1.0,0.0,130.7,0.87,FITC,198.9,5.0,0.08105570505193518,0.0934385541449352,0.0711263971751581,279.4974670410156,template,130.7,2544.9,2856.4,False
slide03_s3,1,2650.9,1440.7,669.2,1.0,0.0,130.7,0.87,TRITC,75.3,5.0,0.2737802303713149,0.2848680759602714,0.2646590558557329,966.6131591796875,template,130.7,2544.9,2856.4,False
slide03_s3,2,4538.5,1582.1,669.2,1.0,0.0,130.7,0.87,FITC,198.9,5.0,0.022349700132342634,0.027804036237147767,0.01826641098429657,69.05177307128906,template,130.7,2544.9,2856.4,False
slide03_s3,2,4538.5,1582.1,669.2,1.0,0.0,130.7,0.87,TRITC,75.3,5.0,0.22749215681536142,0.26975295567587854,0.19188402748064257,259.6617736816406,template,130.7,2544.9,2856.4,False
slide03_s3,3,3742.3,2708.8,669.2,1.0,0.0,130.7,0.87,FITC,198.9,5.0,0.14756248120926008,0.16586528381036048,0.1324396226428505,417.55755615234375,template,130.7,2544.9,2856.4,False
slide03_s3,3,3742.3,2708.8,669.2,1.0,0.0,130.7,0.87,TRITC,75.3,5.0,0.44512677485868296,0.47830722353357596,0.4118411335782615,1290.267578125,template,130.7,2544.9,2856.4,False
slide03_s3,4,1129.2,2750.3,669.2,1.0,0.0,130.7,0.87,FITC,198.9,5.0,0.0009197310746140719,0.0013269999353203031,0.0006368462464097438,5.385275840759277,template,130.7,2544.9,2856.4,False
slide03_s3,4,1129.2,2750.3,669.2,1.0,0.0,130.7,0.87,TRITC,75.3,5.0,0.010852684527266046,0.01604696172454552,0.007932147444121362,-2.374734878540039,template,130.7,2544.9,2856.4,False
slide03_s3,5,987.8,4637.9,669.2,1.0,0.0,130.7,0.87,FITC,198.9,5.0,0.0003617726433070995,0.000658156125152012,0.00022672980985258297,-29.171913146972656,template,130.7,2544.9,2856.4,False
slide03_s3,5,987.8,4637.9,669.2,1.0,0.0,130.7,0.87,TRITC,75.3,5.0,0.015191608011878084,0.018039590294258334,0.013420414638358845,11.095738410949707,template,130.7,2544.9,2856.4,False
slide03_s3,6,2220.6,4018.4,669.2,1.0,0.0,130.7,0.87,FITC,198.9,5.0,0.00948857639370129,0.01436435422597027,0.0065709279969863995,-7.657586574554443,template,130.7,2544.9,2856.4,False
slide03_s3,6,2220.6,4018.4,669.2,1.0,0.0,130.7,0.87,TRITC,75.3,5.0,0.12294067685178275,0.14191854039397137,0.10756847233920061,141.7900848388672,template,130.7,2544.9,2856.4,False
slide03_s4,1,1760.2,3303.5,669.2,0.804,0.0,189.3,0.87,FITC,295.5,5.0,0.009571938116265928,0.014658163387137714,0.006359771504579902,-206.62399291992188,template,189.3,2913.5,4131.5,False
slide03_s4,1,1760.2,3303.5,669.2,0.804,0.0,189.3,0.87,TRITC,148.0,5.0,0.01518261680143557,0.020899424339414222,0.011552125628260699,-153.187744140625,template,189.3,2913.5,4131.5,False
slide03_s4,2,2864.2,1765.9,669.2,0.901,0.0,189.3,0.87,FITC,295.5,5.0,0.009012556190392025,0.014359964113898132,0.005550194383051786,-68.43706512451172,template,189.3,2913.5,4131.5,False
slide03_s4,2,2864.2,1765.9,669.2,0.901,0.0,189.3,0.87,TRITC,148.0,5.0,0.006639875708470399,0.01100728058623435,0.004232476922190757,-74.6422348022461,template,189.3,2913.5,4131.5,False
slide03_s4,3,3411.2,3032.5,669.2,0.858,0.0,189.3,0.87,FITC,295.5,5.0,0.00026828232243063786,0.0004694940642536162,0.00014490557538691858,-127.0047607421875,template,189.3,2913.5,4131.5,False
slide03_s4,3,3411.2,3032.5,669.2,0.858,0.0,189.3,0.87,TRITC,148.0,5.0,0.011089830692325718,0.014619730508751054,0.0089294955712716,-19.9797306060791,template,189.3,2913.5,4131.5,False
slide03_s4,4,2085.5,5284.7,669.2,0.906,0.0,189.3,0.87,FITC,295.5,5.0,0.012500509936705087,0.0207206896227096,0.00787656079857657,-29.988037109375,template,189.3,2913.5,4131.5,False
slide03_s4,4,2085.5,5284.7,669.2,0.906,0.0,189.3,0.87,TRITC,148.0,5.0,0.09627604992044987,0.1211115364942087,0.07874364148154657,148.6243133544922,template,189.3,2913.5,4131.5,False
slide03_s4,5,3623.1,6388.7,669.2,0.951,0.0,189.3,0.87,FITC,295.5,5.0,0.16874281949422348,0.20109674055460022,0.14708365018443348,1002.9489135742188,template,189.3,2913.5,4131.5,False
slide03_s4,5,3623.1,6388.7,669.2,0.951,0.0,189.3,0.87,TRITC,148.0,5.0,0.5129432118168902,0.5526968821851745,0.478621701449323,1886.220947265625,template,189.3,2913.5,4131.5,False
slide03_s4,6,3736.5,5013.7,669.2,0.938,0.0,189.3,0.87,FITC,295.5,5.0,0.0123813992482018,0.02755153168081247,0.006112624191104404,-82.66645050048828,template,189.3,2913.5,4131.5,False
slide03_s4,6,3736.5,5013.7,669.2,0.938,0.0,189.3,0.87,TRITC,148.0,5.0,0.08337016017591987,0.1146996331970677,0.06340937981575714,131.1007537841797,template,189.3,2913.5,4131.5,False
slide04_s2,1,875.3,2191.9,669.2,1.0,0.0,171.8,0.87,FITC,232.0,5.0,0.0005657439212734639,0.0012608413521848305,0.0002686572892479515,-1.7355459928512573,template,171.8,1725.2,3329.1,False
slide04_s2,1,875.3,2191.9,669.2,1.0,0.0,171.8,0.87,TRITC,197.2,5.0,0.03601429143061428,0.06011526677029162,0.02164539085726551,77.0589828491211,template,171.8,1725.2,3329.1,False
slide04_s2,2,2391.5,1058.7,669.2,0.952,0.0,171.8,0.87,FITC,232.0,5.0,0.01892272257250475,0.029340859119229203,0.014188495552096283,121.52484893798828,template,171.8,1725.2,3329.1,False
slide04_s2,2,2391.5,1058.7,669.2,0.952,0.0,171.8,0.87,TRITC,197.2,5.0,0.10514075384781935,0.14537832379544496,0.07894758454376789,300.35369873046875,template,171.8,1725.2,3329.1,False
slide04_s2,3,2531.1,2431.3,669.2,0.866,0.0,171.8,0.87,FITC,232.0,5.0,0.04255305184502117,0.06690775796577575,0.02677655791852011,124.80548095703125,template,171.8,1725.2,3329.1,False
slide04_s2,3,2531.1,2431.3,669.2,0.866,0.0,171.8,0.87,TRITC,197.2,5.0,0.01851174253549506,0.03179664977167976,0.011265056583712227,-62.69422149658203,template,171.8,1725.2,3329.1,False
slide04_s2,4,588.0,4178.9,669.2,0.99,0.0,171.8,0.87,FITC,232.0,5.0,0.009450023912003827,0.019081779053084648,0.004908950446970533,31.442283630371094,template,171.8,1725.2,3329.1,False
slide04_s2,4,588.0,4178.9,669.2,0.99,0.0,171.8,0.87,TRITC,197.2,5.0,0.1259390059963948,0.1706294375160946,0.09168965897803774,226.7772674560547,template,171.8,1725.2,3329.1,False
slide04_s2,5,1721.2,5695.1,669.2,0.97,0.0,171.8,0.87,FITC,232.0,5.0,0.04023301704777685,0.07112616116646231,0.021789862747597095,202.1420440673828,template,171.8,1725.2,3329.1,False
slide04_s2,5,1721.2,5695.1,669.2,0.97,0.0,171.8,0.87,TRITC,197.2,5.0,0.21978037271593923,0.2862333012506391,0.16654727216525958,453.6761474609375,template,171.8,1725.2,3329.1,False
slide04_s2,6,2243.9,4418.3,669.2,0.834,0.0,171.8,0.87,FITC,232.0,5.0,0.021911222754860682,0.03534599046025761,0.013914824459531131,-79.06851959228516,template,171.8,1725.2,3329.1,False
slide04_s2,6,2243.9,4418.3,669.2,0.834,0.0,171.8,0.87,TRITC,197.2,5.0,0.06637147013330741,0.09212826297901222,0.048055983314830256,-13.3129301071167,template,171.8,1725.2,3329.1,False
slide04_s3,1,1986.2,5958.8,669.2,0.961,0.0,254.0,0.87,FITC,238.5,5.0,0.022544106024502568,0.029109273817031434,0.018366204763738982,30.977344512939453,template,254.0,3227.7,5270.3,False
slide04_s3,1,1986.2,5958.8,669.2,0.961,0.0,254.0,0.87,TRITC,115.1,5.0,0.13277903996250165,0.1502425341547679,0.11942690816823687,285.2010498046875,template,254.0,3227.7,5270.3,False
slide04_s3,2,1068.1,4303.6,669.2,1.0,0.0,254.0,0.87,FITC,238.5,5.0,0.0027072457381669053,0.0039112557881681494,0.0018920157928590973,-145.32456970214844,template,254.0,3227.7,5270.3,False
slide04_s3,2,1068.1,4303.6,669.2,1.0,0.0,254.0,0.87,TRITC,115.1,5.0,0.026616866801946033,0.034718703023884745,0.022049589008966107,-8.218063354492188,template,254.0,3227.7,5270.3,False
slide04_s3,3,2446.9,4350.5,669.2,1.0,0.0,254.0,0.87,FITC,238.5,5.0,0.2406821294618774,0.271279586224641,0.2123669192940459,955.6213989257812,template,254.0,3227.7,5270.3,False
slide04_s3,3,2446.9,4350.5,669.2,1.0,0.0,254.0,0.87,TRITC,115.1,5.0,0.36709414071745416,0.3969332178113319,0.3445545567814566,1323.5177001953125,template,254.0,3227.7,5270.3,False
slide04_s3,4,3916.3,6511.7,669.2,1.0,0.0,254.0,0.87,FITC,238.5,5.0,0.07684784594182163,0.08961092406334557,0.06677143236890605,270.201904296875,template,254.0,3227.7,5270.3,False
slide04_s3,4,3916.3,6511.7,669.2,1.0,0.0,254.0,0.87,TRITC,115.1,5.0,0.16089424705515268,0.17240496990296023,0.1531647557942754,646.5741577148438,template,254.0,3227.7,5270.3,False
slide04_s3,5,5571.5,5593.6,669.2,1.0,0.0,254.0,0.87,FITC,238.5,5.0,0.05558382778139473,0.06797369640557345,0.04606256343481957,150.64601135253906,template,254.0,3227.7,5270.3,False
slide04_s3,5,5571.5,5593.6,669.2,1.0,0.0,254.0,0.87,TRITC,115.1,5.0,0.2097528280912836,0.25562917390451445,0.1776309991215077,495.0627746582031,template,254.0,3227.7,5270.3,False
slide04_s3,6,4377.0,4903.3,669.2,0.949,0.0,254.0,0.87,FITC,238.5,5.0,0.25404340018541455,0.2834985539761537,0.22681906205396793,966.9527587890625,template,254.0,3227.7,5270.3,False
slide04_s3,6,4377.0,4903.3,669.2,0.949,0.0,254.0,0.87,TRITC,115.1,5.0,0.4167326900237085,0.44121699643398987,0.394989913028892,1421.171875,template,254.0,3227.7,5270.3,False
slide04_s4,1,1825.3,3713.7,669.2,0.979,0.0,187.7,0.87,FITC,274.2,5.0,0.07670513335303501,0.09575888626925906,0.06218809200346498,298.51055908203125,template,187.7,2954.1,4574.5,False
slide04_s4,1,1825.3,3713.7,669.2,0.979,0.0,187.7,0.87,TRITC,152.2,5.0,0.13855849039615628,0.1700932828641114,0.11779693568659513,656.3377685546875,template,187.7,2954.1,4574.5,False
slide04_s4,2,2973.1,2208.5,669.2,1.0,0.0,187.7,0.87,FITC,274.2,5.0,0.019566356101995228,0.027853450622491574,0.013625376419591374,-99.7601547241211,template,187.7,2954.1,4574.5,False
slide04_s4,2,2973.1,2208.5,669.2,1.0,0.0,187.7,0.87,TRITC,152.2,5.0,0.020333942901492316,0.03230261114550247,0.013272855074637156,-77.25694274902344,template,187.7,2954.1,4574.5,False
slide04_s4,3,3483.4,3490.3,669.2,1.0,0.0,187.7,0.87,FITC,274.2,5.0,0.006727722680797774,0.01152582703512545,0.004226681468698961,27.83755111694336,template,187.7,2954.1,4574.5,False
slide04_s4,3,3483.4,3490.3,669.2,1.0,0.0,187.7,0.87,TRITC,152.2,5.0,0.16304315379946469,0.19183177992543074,0.1384932914668937,396.0518798828125,template,187.7,2954.1,4574.5,False
slide04_s4,4,2093.3,5703.4,669.2,0.93,0.0,187.7,0.87,FITC,274.2,5.0,0.06859341772770931,0.08852163640628809,0.0546902759003803,259.4228515625,template,187.7,2954.1,4574.5,False
slide04_s4,4,2093.3,5703.4,669.2,0.93,0.0,187.7,0.87,TRITC,152.2,5.0,0.32628331844575176,0.3620402583638535,0.2960815223080667,1098.8419189453125,template,187.7,2954.1,4574.5,False
slide04_s4,5,3598.4,6851.2,669.2,0.99,0.0,187.7,0.87,FITC,274.2,5.0,0.12720491755595917,0.1564537176484614,0.10720993048687912,501.4200439453125,template,187.7,2954.1,4574.5,False
slide04_s4,5,3598.4,6851.2,669.2,0.99,0.0,187.7,0.87,TRITC,152.2,5.0,0.42399556448977627,0.47242205718332175,0.3866592837254264,1685.2127685546875,template,187.7,2954.1,4574.5,False
slide04_s4,6,3751.4,5480.1,669.2,0.993,0.0,187.7,0.87,FITC,274.2,5.0,0.16487753061287305,0.19383297436084646,0.14201280848191503,956.1926879882812,template,187.7,2954.1,4574.5,False
slide04_s4,6,3751.4,5480.1,669.2,0.993,0.0,187.7,0.87,TRITC,152.2,5.0,0.4542329763650797,0.4859685779177878,0.42896961654007787,2252.010986328125,template,187.7,2954.1,4574.5,False
