section,target,offset_mm,coverage_fit,coverage_template,click_angle_deg,fit_angle_deg
section_s2,1,0.9113,0.4612,0.1847,110.3169,107.2
section_s2,2,1.0767,0.4646,0.1892,110.3169,109.7
section_s2,3,0.8676,0.0319,0.009,110.3169,107.2
section_s2,4,1.0713,0.4281,0.3083,110.3169,106.1
section_s2,5,0.6709,0.3249,0.1556,110.3169,108.5
section_s2,6,0.6981,0.4639,0.3602,110.3169,107.0
section_s4,1,0.554,0.7224,0.5831,88.0628,91.0
section_s4,2,0.6574,0.5517,0.4028,88.0628,91.0
section_s4,3,0.6731,0.0195,0.0068,88.0628,90.7
section_s4,4,0.8398,0.4609,0.7346,88.0628,91.8
section_s4,5,0.2644,0.3306,0.3384,88.0628,90.9
section_s4,6,0.7821,0.0668,0.2189,88.0628,89.7
section_s5,4,0.3273,0.5222,0.6234,85.3916,80.6
section_s5,5,0.2176,0.0025,0.0019,85.3916,81.4
section_s5,6,0.3917,0.0001,0.0,85.3916,79.6
section_s5,1,0.4153,0.754,0.6686,85.3916,78.8
section_s5,2,0.6346,0.3982,0.2616,85.3916,78.8
section_s5,3,0.535,0.0065,0.0064,85.3916,79.5
section_s6,4,0.5072,0.4962,0.707,78.9883,70.8
section_s6,5,0.6873,0.3341,0.431,78.9883,71.7
section_s6,6,0.3801,0.1729,0.0602,78.9883,73.2
section_s6,1,0.0971,0.6983,0.6585,78.9883,72.8
section_s6,2,0.5785,0.5192,0.5477,78.9883,67.8
section_s6,3,0.2762,0.0258,0.0112,78.9883,70.9
