outcome,mouse,target,observed,pred_null (mean),pred_2f AUC,"pred_ridge, all features","pred_PLS, all features","pred_ridge, all features (log)","pred_PLS, all features (log)"
gfp_area_mm2_rel,1,1,1.5479,1.0413,2.1236,1.0497,1.1728,0.9449,0.9983
gfp_area_mm2_rel,1,2,1.3651,1.0596,1.0345,7.8963,1.6194,1.5149,1.138
gfp_area_mm2_rel,1,4,1.6052,1.0356,1.1419,1.0153,1.3164,1.2566,1.4371
gfp_area_mm2_rel,1,5,0.9114,1.105,0.9938,1.1978,0.8829,1.1572,0.9895
gfp_area_mm2_rel,1,6,0.5313,1.143,1.247,0.8777,1.2148,0.9851,1.2834
gfp_area_mm2_rel,2,1,0.5742,1.1387,0.874,0.6665,0.7637,0.7071,0.736
gfp_area_mm2_rel,2,2,0.7397,1.1221,1.0539,1.0182,1.0097,1.0412,1.1316
gfp_area_mm2_rel,2,3,1.2994,1.0662,0.8275,0.7736,0.7561,0.7561,0.7883
gfp_area_mm2_rel,2,4,1.4061,1.0555,1.0122,1.0126,0.9188,0.9877,0.9611
gfp_area_mm2_rel,2,5,0.4275,1.1533,0.7951,0.534,0.6496,0.4486,0.3614
gfp_area_mm2_rel,2,6,1.5531,1.0408,1.2754,2.2064,1.388,1.8871,1.4263
gfp_cells_rel,1,1,1.867,1.0121,1.8895,1.0677,0.3739,0.8242,0.6023
gfp_cells_rel,1,2,1.4914,1.0497,1.02,-1.1352,1.2513,-0.0042,0.9989
gfp_cells_rel,1,4,1.6737,1.0315,1.1574,1.1476,1.2641,0.8701,1.3791
gfp_cells_rel,1,5,0.8136,1.1175,0.9874,1.4803,0.9355,1.2411,1.0353
gfp_cells_rel,1,6,0.1425,1.1846,1.3108,0.5239,1.3443,1.2449,1.4432
gfp_cells_rel,2,1,0.6428,1.1345,0.8032,0.4343,0.6464,0.2988,0.625
gfp_cells_rel,2,2,0.953,1.1035,1.0213,0.9076,0.9322,1.0571,1.0705
gfp_cells_rel,2,3,0.9566,1.1032,0.8447,1.1868,0.7562,0.9523,0.8458
gfp_cells_rel,2,4,1.8923,1.0096,0.9576,0.9172,0.8403,0.9176,0.887
gfp_cells_rel,2,5,0.373,1.1615,0.7197,0.5976,0.5672,1.1374,0.2447
gfp_cells_rel,2,6,1.1824,1.0806,1.3977,1.8324,1.5327,2.1098,1.6408
