outcome,model,n_features,q2_loo,rmse_loo,rho_loo,q2_leave_mouse_out,perm_p_q2,perm_p_gain_over_2f
gfp_area_mm2_rel,null (mean),1,-0.21,0.4784,,-0.1468,,
gfp_area_mm2_rel,2f AUC,1,0.0613,0.4214,0.5545,-0.0303,0.0565,
gfp_area_mm2_rel,"ridge, all features",15,-20.3447,2.0093,0.5909,0.1111,0.9735,0.974
gfp_area_mm2_rel,"PLS, all features",15,0.2912,0.3662,0.5909,0.0409,,
gfp_area_mm2_rel,"ridge, all features (log)",15,0.296,0.3649,0.6364,-0.1056,0.035,0.235
gfp_area_mm2_rel,"PLS, all features (log)",15,0.2247,0.383,0.5727,0.0466,,
gfp_cells_rel,null (mean),1,-0.21,0.6189,,-0.0928,,
gfp_cells_rel,2f AUC,1,0.1479,0.5194,0.3455,0.2293,0.041,
gfp_cells_rel,"ridge, all features",15,-1.8504,0.95,0.3,-0.0999,0.7945,0.8335
gfp_cells_rel,"PLS, all features",15,-0.4993,0.689,-0.0364,-0.2365,,
gfp_cells_rel,"ridge, all features (log)",15,-1.266,0.847,-0.4636,-0.1503,0.786,0.8705
gfp_cells_rel,"PLS, all features (log)",15,-0.4166,0.6697,-0.0182,-1.1682,,
