mouse,target,cum_2nd_harmonic,n_bursts,harmonic_goal,mean_voltage,cum_voltage,f0_cum,h2_cum,sub_cum,ultra_cum,bb_cum,h2_per_f0,h2_per_volt,h2_late_early,h2_cv,interlock
1,1,2.4412556266009573,450.0,0.6544444444444445,0.07125333333333335,32.06400000000001,14285.626823161067,4954194.667187735,528.8674812502217,467.17903257010653,484.5761626955436,186.7075585608913,1096.2270892780546,0.21060603542906348,1.1361779548848456,0.0
1,2,1.1014887255532888,55.0,1.05,0.09694545454545456,5.332000000000001,1782.224141495176,6769408.976287831,56.68149887670414,56.956477676670126,57.00553341314829,3311.7671391638314,3352.3740481309674,1.2169276742573727,0.6215679660716867,0.0
1,4,1.3457032955171135,100.0,0.95,0.09583999999999998,9.583999999999998,15292.480111554369,4767137.795664559,113.5385102687284,99.53788965557222,106.53370713810361,264.72500663835285,2047.1092418936807,0.3592716915871341,0.8229261244334591,1.0
1,5,0.9466296676301074,70.0,0.8500000000000001,0.1036,7.252,3941.4410014632076,2658350.5791773945,84.91745621366688,71.93977111628033,76.4402389944856,472.5075059598899,1582.978856993133,2.6748498821949753,0.8382903335204418,0.0
1,6,1.3163506111663572,250.0,0.55,0.078888,19.722,9077.72203406825,1962856.7597775878,289.8063336549214,280.3477018991008,275.12458764498683,165.71157778392327,1007.4119436972005,0.6583720345460411,0.7773902242530965,0.0
2,1,0.6246904384169494,130.0,0.6499999999999999,0.09125384615384614,11.863,2604.200511550927,818586.762832913,139.96199313421494,136.2656937928037,141.56291830902603,234.47856463999187,773.8019758614096,0.9625188354289866,0.7643203846726426,0.0
2,2,1.0215381415031686,100.0,0.8500000000000001,0.09606999999999999,9.607,6667.466619543708,3153294.298835225,116.8900610498023,101.36234716121746,108.01372389495454,431.81514358830935,1720.081568100901,1.4296199748336738,0.61043203009286,0.0
2,3,0.7665184583127349,70.0,0.95,0.10347142857142856,7.242999999999999,2771.492015582855,2190087.4357817653,70.70232383326127,62.40785735163194,74.16893033397454,654.8478544621721,1509.463238384671,1.6343790768062374,0.583865415924739,0.0
2,4,1.0703104561340508,130.0,0.75,0.10035384615384615,13.046,4874.694337784136,2022385.4852637474,154.5253770425574,164.17085537983934,141.61396995813456,253.27293859778075,992.1119974437049,2.0424317965877203,1.2268081395914077,0.0
2,5,0.36881329439695726,70.0,0.6499999999999999,0.08214285714285716,5.750000000000001,2737.2772758946057,540607.7817536367,91.03655154099309,68.77939730216261,76.67847016350997,131.7663186305122,859.581335002782,1.2075445704162708,0.8524018131014491,0.0
2,6,1.5973014424903718,250.0,0.8500000000000001,0.095072,23.768,5288.089853405875,2479976.946351952,249.91307034102107,286.0241377909664,273.0119290823335,326.05805748002115,851.6719567300568,0.35990085769084373,0.9798938776649558,1.0
3,1,0.8752072590758618,130.0,0.75,0.08890769230769231,11.558,15987.792716938278,1614680.503856716,132.4265623467325,146.9322336420824,142.87809087253197,85.21776620840299,1097.0975530984642,0.5776711621692622,0.8205569374117901,0.0
3,2,0.4201101115116434,55.0,0.75,0.08470909090909089,4.658999999999999,3904.250839177008,881571.5543238363,54.08359821425718,59.061209255645316,59.66693986370615,187.8585550933712,1354.7954974380011,0.8395566306195957,0.6245463300305094,0.0
3,3,1.7158844608352417,250.0,0.95,0.07399999999999998,18.499999999999996,6446.489071464501,2871687.841991448,311.8395885790916,256.0340376319523,272.5482114490278,299.56813342245607,1160.2651907712584,0.23977932777631564,0.9482207948975765,1.0
3,4,1.1034980904423655,100.0,1.05,0.10059,10.059,9108.862873002749,2606184.4456991637,118.13935496587483,105.3181683770187,107.47233379976366,193.71599485559295,1304.2683870204714,0.9025785018676115,1.0372541287104453,1.0
3,5,0.42330059507400564,100.0,0.6499999999999999,0.08269,8.269,3397.2337680265323,451561.0933368106,147.69748681873338,103.05567706504247,109.23444596923424,93.2444340692816,671.6570243444464,0.699445271814397,1.0940935686933195,0.0
3,6,1.0911615505421093,130.0,0.95,0.09466923076923076,12.306999999999999,12227.68010301585,2124890.055138141,142.26168545423053,165.77935114723323,140.77405457199265,140.75121229178444,1204.2254059065253,1.0285823270945171,0.8704972613656112,0.0
4,1,0.8726150722237158,190.0,0.6499999999999999,0.08863157894736838,16.839999999999993,5223.094565560217,1143376.059499669,206.36186853835983,196.20617665970798,208.78342770794376,164.54365902312406,734.081357263673,0.55781389815568,0.9681287713024815,0.0
4,2,0.6883958881776292,100.0,0.75,0.09125000000000001,9.125000000000002,4105.900271198816,1147303.756091739,110.68892872960328,107.36099811705608,111.36225779662935,228.1351056513373,1028.6264027453944,1.1782810385472346,0.7608423091276183,0.0
4,3,2.5888781857932184,190.0,1.05,0.10626842105263155,20.190999999999995,15163.934680942308,9939306.306469927,164.30432408804535,191.18105963022924,201.79116948710868,388.89721593842785,1703.3769780372259,0.20913977091033528,1.0509999980677696,1.0
4,4,0.4215292503148654,100.0,0.55,0.10019000000000002,10.019000000000002,8836.261072337249,591010.9433416154,129.50693619374297,104.95414561814194,108.64362230961204,44.75916421698761,604.3360189304357,1.9002054066543081,1.0689274159692055,0.0
4,5,0.9591104819716373,130.0,0.75,0.1163,15.119,24530.532942580296,2274610.2727527325,233.9584823477887,133.6985444832494,142.6319823012697,77.14063545204922,1024.880427772908,1.3733349350060693,0.6845026141844313,0.0
4,6,1.0243044678600275,55.0,0.95,0.11749090909090909,6.462,17114.112774323203,4658726.486399675,55.36070471334163,59.429592240809114,57.218461377116334,242.51114336084476,2266.2933768590465,1.328511322542747,0.49869705571656364,0.0
5,1,0.8286295089956455,130.0,0.75,0.06667692307692308,8.668000000000001,5624.151519744251,1877125.9625735371,159.07271232392972,122.25772749463528,140.43404467265213,235.09653474685763,1516.3714661056156,0.3661456099355952,0.9045509207593677,0.0
5,2,1.309733992124658,190.0,0.8500000000000002,0.07306842105263156,13.882999999999996,3298.5230436386946,2118105.4847934176,208.867363036876,219.15832760382568,207.10999643268414,426.3656052399856,1165.9706002035705,0.45224962496782606,0.9909472492146579,0.0
5,3,0.6766609908771142,55.0,0.95,0.07574545454545457,4.166000000000001,1809.2682399396222,2878696.0016696793,69.76787620754685,56.434292140296094,58.21124429925371,1332.2347846701089,2818.701000508836,1.6755054838734496,0.7558115806363633,0.0
5,4,0.6395411831427354,70.0,0.6499999999999999,0.08060000000000002,5.642000000000001,2707.66557037562,1593859.7051969958,76.39674426540944,71.11303560088766,74.14628178471018,448.25839730351373,1629.285227932473,2.2064050488975004,0.8179746342573997,0.0
5,5,1.766516724953995,130.0,1.05,0.10334615384615384,13.434999999999999,16132.100497999716,6559000.456044944,137.49076664148146,142.60355030074123,137.23814597363548,325.3868377771246,1929.9129745966588,0.9899371840899099,0.6669223586241528,1.0
5,6,0.34215923275074406,70.0,0.55,0.06667142857142859,4.667000000000002,2894.5040498915546,575600.918400287,74.26494844466313,75.68963860826283,76.32979617646399,120.75189984865985,1026.841522004679,1.6668504880959278,0.951810091150046,0.0
6,1,1.0364409836611634,100.0,0.8500000000000001,0.10103999999999999,10.104,14708.29268821545,3690642.581360381,98.64968949152917,100.5753795917102,105.48658570327939,218.43228485119363,1772.1460542938821,0.6941171254600099,0.6681790627226163,0.0
6,2,0.47150479331665657,55.0,0.6499999999999999,0.10058181818181824,5.532000000000004,31270.85533310336,1301588.0292019052,48.94139055645894,57.179273403710845,58.653748954873315,40.20225562283288,1446.3282456108634,1.562030585067528,0.6703198755022209,1.0
6,3,2.019998991245528,70.0,0.95,0.11179999999999998,7.825999999999999,8192.989265302253,19411506.235267777,69.02592792104733,71.95967217404893,71.78508560196833,2301.5621472424705,4603.91130048896,1.7008690878896333,0.45714607427966913,0.0
6,4,0.9158871193038656,130.0,0.75,0.08389230769230768,10.905999999999999,2531.4969018823213,2138495.392619308,139.61411179565437,145.59571632417578,141.3243218966184,655.8448664829971,1339.9061148527035,1.0293963696390545,0.736374751741672,0.0
6,5,0.4274963997896332,100.0,0.55,0.08043999999999997,8.043999999999997,1098.6097369193633,614044.6042623149,104.1928886600709,119.67700230266102,110.89822371302148,399.3873876021312,816.6322821834035,1.350657489309376,0.8312265361719963,0.0
6,6,3.331550611074135,190.0,0.95,0.08571052631578946,16.284999999999997,6756.483075523858,22066243.621247616,167.10037516908125,202.68005119538327,199.74656292401988,2726.1557709073286,3694.9142720896125,0.35767085518688574,0.73170543598684,0.0
