gfp_mean,area_um2
0.0052,158.4447
0.0083,121.0518
0.0032,136.0512
0.0041,346.7827
0.0052,35.2804
0.0026,154.8533
0.0076,94.3274
0.004,117.4604
0.0052,161.508
0.0041,160.7686
0.0032,51.1248
0.0037,128.974
0.0201,102.144
0.0067,141.0158
0.0042,64.6454
0.0047,93.2711
0.0063,90.9473
0.0045,191.5068
0.004,82.9194
0.0028,110.0663
0.0064,91.6867
0.0051,128.3402
0.0051,110.4888
0.0058,72.3564
0.0079,153.797
0.009,133.833
0.005,111.862
0.0072,89.2572
0.0059,136.3681
0.0034,88.8347
0.0035,121.5799
0.0033,130.7697
0.0044,238.0896
0.0049,29.9989
0.0065,130.2416
0.0037,121.0518
0.0162,119.3617
0.0043,115.0309
0.0049,62.0047
0.0053,143.9734
0.0069,87.2502
0.0085,135.8399
0.0058,138.3751
0.0049,9.2954
0.0039,8.9785
0.0042,123.1644
0.0072,261.1169
0.0042,120.9461
0.005,194.9926
0.0168,58.6245
0.0091,18.274
0.0163,100.0314
0.0087,185.4859
0.006,21.6541
0.0035,94.8556
0.0046,133.9386
0.01,147.7761
0.0063,110.8057
0.0049,114.3971
0.0068,96.6513
0.0083,123.3756
0.0119,133.7273
0.0067,270.5179
0.0055,114.9252
0.0043,100.5596
0.0084,48.1672
0.0078,115.559
0.0086,96.3344
0.0044,70.772
0.005,139.2201
0.0089,175.4511
0.0063,162.0361
0.006,249.2864
0.0056,138.6919
0.0029,131.9316
0.0126,92.1092
0.0045,114.1858
0.0051,67.0749
0.0039,178.0919
0.0058,117.8829
0.0044,148.8324
0.0053,128.974
0.0064,32.8509
-0.0005,181.6833
0.0049,110.9113
0.0054,102.9891
0.005,186.4366
0.007,86.2996
0.0073,152.6351
0.0036,224.2521
0.0043,112.8126
0.0043,18.9077
0.0057,122.0024
0.0067,19.3303
0.0077,15.5276
0.0059,171.7541
0.0041,167.9514
0.0066,101.1934
0.0043,84.9264
0.0075,52.6036
0.0048,61.7934
0.0048,73.8352
0.0038,215.1679
0.0079,26.83
0.0046,255.941
0.0079,92.743
0.0043,66.4412
0.0054,27.7806
0.0029,117.3547
0.006,241.681
0.0052,144.2903
0.0239,125.277
0.0068,47.639
0.006,131.9316
0.0092,85.2433
0.0026,82.9194
0.0061,60.4203
0.0038,83.4476
0.0091,78.9055
0.0045,61.3709
0.0076,102.5665
0.006,70.2438
0.007,63.906
0.0135,140.5933
0.0075,53.5543
0.0159,97.4963
0.0058,66.8637
0.005,210.309
0.0117,41.6181
0.0044,189.7111
0.006,150.2056
0.0118,64.6454
0.0064,160.8742
0.0182,236.822
0.0044,210.5202
0.0055,79.7505
0.0076,178.3031
0.0052,72.6733
0.0076,58.202
0.0051,139.2201
0.0056,50.0685
0.0062,144.0791
0.0044,96.8625
0.0035,166.7895
0.0093,20.9147
0.0031,203.8655
0.004,29.0482
0.0072,137.53
0.0025,231.7518
0.0072,165.6275
0.0042,66.8637
0.0079,58.202
0.0031,150.1
0.0055,109.7494
0.005,36.6535
0.0135,110.8057
0.0056,106.3692
0.0057,180.0988
0.0046,110.2775
0.0039,102.2497
0.0029,156.8603
0.0042,88.8347
0.0048,102.144
0.007,70.4551
0.0113,111.6507
0.0037,307.0659
0.0059,123.1644
0.0066,44.8927
0.009,33.0621
0.0069,66.0186
0.006,103.2003
0.004,67.92
0.0077,125.1713
0.0085,178.62
0.0055,47.3222
0.004,138.9032
0.005,70.1382
0.0064,75.5253
0.0064,110.2775
0.0045,20.2809
0.0044,16.1614
0.005,132.1429
0.0033,73.2015
0.0059,45.3152
0.005,118.9392
0.009,106.2636
0.008,241.8923
0.0043,114.3971
0.0033,46.4771
0.0051,173.0216
0.005,32.2171
0.0061,139.537
0.0047,47.1109
0.0062,43.942
0.0049,88.0953
0.0037,75.3141
0.0094,133.1992
0.0077,185.0634
0.0136,15.5276
0.0058,57.8851
0.0069,185.8028
0.0121,82.6025
0.0089,128.4459
0.0052,21.3372
0.0152,46.0546
0.0107,36.5479
0.0054,62.4272
0.0104,35.1747
0.0057,200.8023
0.0045,117.6716
0.0081,254.8847
-0.004,125.4882
0.0083,214.1116
0.0047,126.4389
0.0053,33.4847
0.0079,166.7895
0.0044,199.2178
0.0052,249.392
0.0046,136.3681
0.003,122.6362
0.0044,112.2845
-0.0041,150.945
0.0057,167.1064
0.0066,56.3007
0.0043,197.2109
0.0064,34.3297
0.0046,94.1162
0.0123,80.0674
0.0121,65.1736
0.0099,161.1911
0.0023,142.8115
0.0082,108.0593
0.0058,197.739
0.0077,100.6652
0.0034,15.8445
0.0196,108.3762
0.0053,74.0465
0.0073,104.6791
0.0059,36.9704
0.0053,208.4076
0.0047,37.9211
0.0037,148.5155
0.0059,137.2131
0.0054,111.862
0.0054,169.7471
0.0038,224.0408
0.0066,149.6774
0.0056,55.0331
0.0044,72.2508
0.0059,109.2212
0.0072,79.2224
0.0059,27.5694
0.0044,91.6867
0.0045,117.7772
0.0035,111.862
0.0066,20.2809
0.0045,173.9723
0.0036,53.0262
0.0055,139.2201
0.0109,122.1081
0.0046,89.6797
0.0046,138.7976
0.006,139.3257
0.0144,275.5882
0.0045,42.4632
0.0022,29.9989
0.0064,163.7262
0.0096,133.4105
0.009,73.4127
0.0056,73.9409
0.0036,24.7174
0.0032,80.7012
0.0025,29.0482
0.0052,56.6176
0.0051,133.1992
0.0041,94.9612
0.0066,164.9938
0.0124,267.1378
0.0063,198.9009
0.0053,136.1568
0.0059,140.1708
0.0026,215.5904
0.0044,55.4557
0.0034,29.1538
0.0095,84.3982
0.0025,235.8714
0.007,159.2898
0.0054,190.028
0.0086,108.0593
0.0084,108.3762
0.004,104.996
0.0048,83.4476
0.0029,11.6193
0.0078,63.3779
0.0069,9.0842
0.0053,177.4581
0.0053,51.4417
0.005,110.9113
0.005,103.8341
0.0071,95.595
0.0022,130.7697
0.0066,205.7669
0.0053,10.9855
0.0062,207.7738
0.0019,136.5793
0.0046,77.5323
0.0114,202.9149
-0.0007,191.5068
0.0045,17.3233
0.0065,75.2084
0.0065,100.454
0.0034,45.6321
0.0063,127.4952
0.0049,276.1163
0.0049,241.7866
0.0049,118.8335
0.0048,226.7872
0.0073,175.9793
0.0046,129.0796
0.0082,79.9618
0.0089,84.0813
0.0034,65.913
0.0087,46.794
0.0047,226.6816
0.0063,59.364
-0.0014,135.6287
0.0039,185.2747
0.003,80.4899
0.0061,121.5799
0.0093,121.1574
0.0057,164.36
0.0035,55.2444
0.0095,98.2357
0.006,96.44
0.0102,139.4314
0.0057,161.6136
0.0116,119.8898
0.0028,82.7081
0.0028,110.7
0.0045,193.9363
0.0049,88.5178
0.0037,145.6635
0.004,89.6797
0.0062,131.0866
0.0026,108.7987
0.0062,130.6641
0.0103,60.8428
0.0074,39.6112
0.0075,150.4169
0.0048,139.2201
0.0151,24.2949
0.0152,44.3645
0.0095,70.8776
0.0048,112.8126
0.0045,138.5863
0.0047,200.2741
0.0115,100.8765
0.0059,84.8207
0.0054,49.7516
0.006,106.158
0.006,124.0094
0.0058,180.3101
0.0006,151.6844
0.0068,208.6189
0.0128,83.1307
0.0047,119.2561
0.0102,63.061
0.0043,55.6669
0.0044,177.8806
0.0042,87.884
0.0044,217.0693
0.005,258.1593
0.0039,87.5671
0.0133,33.0621
0.005,134.678
0.0056,105.7354
0.0042,125.4882
0.0052,107.4255
-0.004,181.7889
0.0035,153.0576
0.0169,102.144
0.0064,94.2218
0.0069,117.0378
0.0078,41.7238
0.005,102.144
0.0003,57.357
0.0055,34.6466
0.0049,105.6298
0.003,159.6066
0.0077,126.2276
0.0041,100.6652
0.0036,81.9687
0.0048,90.9473
0.0075,136.0512
0.0068,173.9723
0.0072,125.277
0.0095,104.6791
0.005,150.4169
0.0069,80.4899
0.0075,98.6582
0.0069,10.8799
0.0054,111.3338
0.0049,104.5735
0.0039,106.8974
0.0102,158.3391
0.0058,107.5311
0.0048,185.3803
0.0044,62.9554
0.006,111.3338
0.007,83.8701
0.0052,230.0617
0.0075,166.367
0.0036,106.0523
0.0064,254.8847
0.0023,21.5485
0.0046,142.1777
0.0073,20.2809
0.0044,43.3082
0.0054,90.1022
0.0035,104.996
0.0073,17.7458
0.0044,167.1064
0.0057,114.0802
0.0049,142.4946
0.0072,149.2549
0.0081,114.0802
0.0229,173.3385
0.0044,172.916
0.0045,149.3606
0.0046,171.3316
0.0059,92.6373
0.0087,188.1267
0.0051,117.4604
0.0065,68.8706
0.0199,70.772
0.0039,124.6432
0.0061,168.057
0.0048,71.1945
0.0037,26.3018
0.0055,99.6089
0.0046,55.9838
0.0048,167.5289
0.004,116.8266
0.0058,127.4952
0.0046,96.7569
0.0123,86.8277
0.0052,47.9559
0.0056,44.3645
0.0054,74.9972
0.0059,112.3901
0.0055,137.0019
0.0057,92.1092
0.0063,36.6535
0.0039,67.6031
0.0039,148.7268
0.0038,160.5573
0.0055,153.2689
0.0068,189.7111
0.0022,84.3982
0.0023,40.1393
0.0116,143.1284
0.0051,68.0256
0.0087,77.7435
0.0052,145.241
0.0046,130.3472
0.0031,32.2171
0.0051,108.1649
0.0055,199.0066
0.0058,134.0442
0.0273,46.1602
0.0083,68.0256
0.0036,37.9211
0.0051,58.6245
0.0048,102.9891
0.0058,109.7494
0.0046,80.8068
0.005,211.8934
0.005,231.6462
0.0059,54.2937
0.0079,86.2996
0.0047,76.3704
0.0053,77.9548
0.0083,171.6484
0.003,203.2318
0.0065,51.8642
0.0023,77.321
0.0115,277.1726
0.006,58.6245
0.0034,184.7465
0.0075,52.9205
0.0078,186.1197
0.0054,37.4986
0.005,113.8689
0.0218,240.4135
0.0049,158.656
0.0057,32.2171
0.0042,56.0894
0.0059,94.9612
0.0064,62.4272
0.0093,24.6117
0.0024,113.8689
0.0058,190.9787
0.0074,109.4325
0.0046,151.6844
0.0017,65.8074
0.0058,110.1719
0.0054,82.6025
0.0064,69.61
0.0053,46.3715
0.0081,96.44
0.0128,72.9902
0.0079,48.6953
0.0035,46.3715
0.0052,56.8288
0.0045,162.5643
0.0048,63.8004
0.0091,93.0599
0.0115,111.2282
0.0046,154.1139
0.0038,77.0041
0.0065,100.6652
0.0038,124.7488
0.0058,72.8846
0.0044,193.3026
-0.0016,67.8143
0.008,135.6287
0.0081,26.83
0.0142,108.9043
0.0048,151.2619
0.0036,152.1069
0.0034,140.1708
0.0036,119.8898
0.0047,200.0629
0.0068,62.6385
0.0053,147.7761
0.0036,31.9002
0.0056,152.4238
0.0051,72.2508
0.0083,111.9676
0.0031,177.8806
0.0054,58.0964
0.0049,151.0506
0.0037,138.7976
0.005,172.8104
0.0059,82.8138
0.0017,112.6014
0.0044,90.4191
0.0061,131.0866
0.0043,107.6368
0.0034,116.5097
0.0038,172.916
0.0037,140.4876
0.0034,19.5415
0.0073,30.6326
0.005,169.6415
0.0038,88.5178
0.0067,94.0105
0.0068,150.6281
0.0118,12.2531
0.0255,66.758
0.0072,29.5763
0.0053,26.7243
0.007,117.1435
0.0035,53.0262
0.0053,161.6136
0.004,38.6605
0.0042,173.761
0.0041,69.9269
0.0084,44.5758
0.0039,105.6298
0.0106,35.4916
0.0031,116.1928
0.0034,111.1226
0.005,124.115
0.0053,137.9525
0.0085,164.6769
-0.0011,173.6554
0.005,158.3391
0.0082,139.4314
0.0093,39.7168
0.0066,20.7034
0.0065,54.6106
0.0082,96.8625
0.0057,125.6995
0.0084,100.2427
0.0036,18.3796
0.0102,80.0674
0.0064,145.9804
0.0037,23.6611
0.0036,175.2399
0.0135,125.0657
0.0063,172.5991
0.0046,99.3977
0.0061,18.1683
0.0078,61.2653
0.0058,57.7795
0.0088,38.4493
0.0049,43.942
0.0097,178.5144
0.0096,235.132
0.008,70.1382
0.0072,94.0105
0.0101,113.552
0.0046,136.7906
0.0054,72.4621
0.0039,117.7772
0.0067,136.2625
0.0076,243.5823
0.0054,207.2457
0.0052,144.9241
0.0053,127.2839
0.0051,62.5328
0.0058,90.5247
0.0032,174.3948
0.0049,78.5886
0.0028,194.3589
0.0036,105.4186
0.0056,228.6885
0.0083,201.4361
0.0056,88.0953
0.003,84.0813
0.0077,104.5735
0.0069,13.3094
0.0068,87.6727
0.0061,114.6083
0.006,100.8765
0.0048,109.1156
0.0062,47.1109
0.0063,160.6629
0.005,265.5533
0.0041,137.6356
0.0061,12.3587
0.008,136.5793
-0.004,117.2491
0.0063,11.6193
0.0064,215.0623
0.0056,113.9746
0.0068,273.1587
0.0046,217.8087
0.0073,108.3762
0.0057,154.4308
0.0131,26.4075
0.0068,90.2079
0.0047,71.3001
0.0057,71.7226
0.0044,139.9595
0.0049,119.0448
0.0044,186.331
0.0071,179.1482
-0.0007,173.2329
0.0064,129.6078
0.0059,79.6449
0.0066,48.9066
0.0044,167.4233
0.0035,159.501
0.0048,164.4656
0.0042,153.5857
0.0054,77.5323
0.008,10.9855
0.0043,80.0674
0.0054,69.0819
0.0048,270.8348
0.0219,212.6328
0.0049,74.6803
0.0038,118.6223
0.0042,103.8341
0.0111,175.8736
0.0043,132.8823
0.0065,127.6008
0.0055,76.5816
0.0048,69.61
0.0056,202.4923
0.006,61.6878
0.005,36.3367
-0.004,167.4233
0.0034,34.4353
0.0032,133.4105
0.0071,152.7407
0.0056,136.3681
0.0117,87.039
0.01,47.9559
0.0054,126.0164
0.0057,65.4905
0.004,149.2549
0.0025,59.6808
0.0057,74.9972
0.0058,51.9699
0.0268,48.0616
0.0047,9.5067
0.0038,64.7511
0.007,126.6501
0.0054,118.8335
0.0028,122.2137
0.0055,86.9333
0.0041,136.7906
0.0083,89.1516
0.008,131.7204
0.0047,116.6153
0.0041,75.8422
0.0048,193.0913
0.0058,83.1307
0.0071,68.2369
0.0039,172.916
-0.004,102.5665
0.0046,224.4633
0.0035,71.7226
0.0048,75.8422
0.0042,96.6513
0.0051,27.8863
0.0087,168.5852
0.0071,248.1244
0.0055,86.1939
0.0047,67.8143
0.002,110.1719
0.0073,148.093
0.0246,222.4564
0.0064,90.5247
0.0038,26.7243
0.0046,208.302
0.004,228.4773
0.0049,12.4643
0.0079,61.3709
0.008,93.2711
0.0038,46.794
0.0106,154.3252
0.006,138.9032
0.0121,69.2932
0.0098,78.4829
0.006,156.1209
0.0045,230.9068
0.0035,69.5044
0.0073,46.3715
0.0097,114.2915
0.0049,34.3297
0.0054,45.6321
0.0033,188.5492
0.004,121.6855
0.0095,198.3728
0.0053,113.0239
0.0048,74.6803
0.0088,153.797
0.005,202.598
0.0019,115.9815
0.0054,46.6884
0.0066,152.6351
0.0053,169.5358
0.0133,98.7639
0.0062,219.0762
0.0055,172.3879
0.0106,89.5741
0.0061,173.5498
0.0061,71.5114
0.0088,77.0041
0.0066,64.8567
0.0062,181.3664
0.0037,91.0529
0.0113,46.1602
0.0093,11.3024
0.0072,82.2856
0.0047,139.537
0.0066,150.6281
0.0048,153.1632
0.004,164.9938
0.0059,71.4058
-0.0041,24.1892
0.0052,145.5579
0.0058,65.068
-0.0041,173.1273
0.0077,231.7518
0.0045,119.2561
0.0109,202.8092
0.0045,231.7518
0.0068,45.4208
0.0042,59.7865
0.0093,39.7168
0.0047,227.3154
0.0052,27.7806
0.0066,76.0535
0.0044,240.3078
0.0028,127.4952
0.0055,129.5021
0.0078,100.6652
0.002,52.9205
0.0061,109.3269
0.0054,159.2898
0.0077,155.0646
0.0067,154.9589
0.0063,198.9009
0.007,101.1934
0.0083,96.1231
0.0057,60.7371
0.0019,170.4865
0.0043,127.9177
0.0039,190.5562
0.003,166.7895
0.0067,160.0292
0.0075,118.9392
0.0048,135.1005
0.0042,165.7332
0.0077,102.2497
0.0054,147.7761
0.0047,176.8243
0.0057,65.1736
0.0039,153.6914
0.0046,202.9149
0.0047,175.768
0.0105,123.3756
0.0094,60.3146
0.0068,193.7251
0.0043,67.8143
0.0052,161.2967
0.0067,136.685
0.0113,122.3193
0.0037,138.4807
0.0055,90.9473
0.0047,127.7064
0.006,106.3692
0.0051,79.8561
0.0032,183.3734
0.0027,148.8324
0.003,176.2962
0.004,104.2566
0.0054,162.7755
0.0048,92.743
0.003,87.5671
0.0048,9.1898
0.0077,118.9392
0.0058,112.9183
0.0033,118.0941
0.0043,208.7245
0.003,97.3907
0.0036,187.2817
0.0123,44.2589
0.0068,140.4876
0.0074,212.2103
0.0083,165.0994
0.0038,145.3466
0.0044,70.2438
0.0059,203.5486
0.0049,163.9375
0.0048,175.6624
0.0075,100.6652
0.0095,22.6048
0.0152,48.6953
0.0083,57.7795
0.005,160.0292
0.0083,104.6791
0.0059,96.9682
0.004,179.6763
0.0049,196.6827
0.0028,90.9473
0.0067,76.476
0.0129,164.1487
0.0041,163.5149
0.0063,88.0953
-0.0002,106.158
0.0068,143.234
0.0028,75.5253
0.0048,153.797
0.004,214.1116
0.0038,126.7558
0.0059,139.3257
0.0051,25.5624
0.0034,93.7993
0.0054,146.1917
0.0042,149.7831
0.0046,128.5515
0.0032,59.2583
0.005,109.5381
0.002,151.79
0.0052,50.2798
0.0032,129.3965
0.0052,115.8759
0.0121,139.2201
0.0088,41.935
0.0076,98.447
0.0041,46.6884
0.0052,106.5805
0.0034,158.2335
0.0052,175.3455
0.007,77.7435
0.0072,104.0454
0.0046,75.8422
0.0088,106.158
0.0044,57.9908
0.005,83.8701
0.0063,88.2009
0.0047,233.7588
0.0097,68.2369
0.0057,177.2468
0.0064,221.5057
0.0052,70.1382
-0.0023,112.0732
-0.0009,200.2741
0.0037,112.8126
0.0071,135.2062
0.0063,50.1742
0.0053,148.093
0.0134,114.9252
0.0052,155.2758
0.0086,46.2659
0.0065,27.0412
0.0046,126.7558
0.0065,134.1499
0.0062,124.3263
0.0063,153.0576
0.0035,97.6019
0.0083,167.6345
0.0044,147.4592
0.0063,128.4459
0.0103,122.1081
0.0049,114.5027
0.0037,145.0297
0.0056,146.2973
0.0039,215.9073
0.0019,150.5225
0.0075,126.6501
0.0048,171.8597
0.0044,277.1726
0.0041,122.5306
0.0094,157.1772
0.0063,97.7076
0.0049,199.2178
-0.004,123.3756
0.0039,75.7366
0.0054,46.0546
0.0024,127.7064
0.0084,122.5306
0.0061,112.1789
0.0024,105.3129
0.0061,93.3768
0.0037,109.6437
0.0106,42.1463
0.0021,77.5323
0.0053,80.4899
0.0042,59.8921
0.0037,36.9704
0.0066,162.8812
0.0061,74.3634
0.0058,140.9102
0.0037,79.8561
0.005,9.4011
0.0091,72.6733
0.007,156.7546
0.0039,142.389
0.0028,92.8486
0.005,112.1789
0.0049,59.1527
0.0055,175.5567
0.0039,192.7744
0.008,167.212
0.0057,96.5456
0.0062,77.5323
0.0025,152.5294
0.0081,149.3606
0.0078,193.5138
0.0029,203.443
0.0047,111.862
0.0046,116.7209
0.0067,80.0674
0.0071,33.1678
0.0065,233.7588
0.0065,59.8921
0.0049,205.0275
0.0093,86.2996
0.0114,190.6618
0.0056,73.5183
0.0106,72.6733
0.0104,24.2949
0.003,146.6142
0.0065,126.7558
0.0063,105.4186
0.0053,283.1935
0.0072,129.819
0.0059,64.0117
0.0053,134.2555
-0.004,170.064
0.0073,146.9311
0.0039,11.7249
0.005,121.3687
0.0056,64.9623
0.0059,221.4001
0.0054,146.5085
0.0071,136.2625
0.0039,169.0077
0.0051,150.1
0.005,49.2235
0.0077,15.5276
0.0048,562.3731
0.0054,78.4829
0.0041,263.7576
0.0044,163.9375
0.0042,167.6345
0.005,72.0395
0.0054,116.4041
0.0039,219.2875
0.0061,100.7708
0.0031,127.1783
0.0063,33.9072
0.0032,120.3124
0.0136,120.9461
0.0074,100.6652
0.0041,174.7117
0.0117,34.3297
0.0033,194.5701
0.0041,150.1
0.0082,174.6061
0.0036,87.3559
0.0077,56.7232
0.0042,81.1237
0.0059,55.4557
0.0027,161.1911
0.0095,183.2677
0.0034,131.1922
0.0126,151.8957
0.0063,146.5085
0.0031,79.8561
0.0054,82.9194
0.005,109.6437
0.0115,102.144
0.0041,25.0343
0.0032,123.6925
0.0046,114.2915
0.004,173.6554
0.0058,107.2143
0.0168,67.4974
0.0042,117.4604
0.0063,31.2664
0.0042,138.7976
0.006,85.6658
0.0069,148.6211
0.0079,77.5323
0.0064,90.736
0.0047,57.9908
0.0035,51.653
0.0051,139.2201
0.003,166.1557
0.0037,149.1493
0.0151,102.7778
0.022,158.3391
0.0051,222.8789
0.0049,175.1342
0.0064,89.891
0.0051,150.945
0.0105,126.122
0.005,186.1197
0.0054,161.1911
0.007,99.1864
0.0057,161.1911
0.0057,72.1452
0.0065,127.6008
0.0041,85.032
0.0122,210.6258
0.006,99.6089
0.0051,102.9891
0.0041,83.4476
0.006,72.2508
0.0036,196.6827
0.004,93.0599
0.0095,36.1254
0.0043,139.2201
0.0063,150.6281
0.0096,20.3866
0.0046,114.6083
0.0042,147.4592
0.0058,74.6803
0.0054,184.1128
0.0086,112.8126
0.0054,146.8254
0.0038,53.2374
0.0044,66.4412
0.0098,48.3785
0.0038,123.4812
0.0039,127.9177
0.0043,85.3489
0.0181,285.9399
0.0049,81.9687
0.0062,67.92
0.004,42.1463
0.0036,36.5479
0.0078,93.9049
0.0057,214.9567
-0.004,134.7836
0.0048,42.7801
0.0035,81.7575
0.0091,158.4447
0.0045,69.61
0.002,149.7831
0.0078,164.9938
0.0053,238.7234
0.0052,118.411
0.0038,131.9316
0.007,183.479
0.0044,128.5515
0.0049,129.9247
0.0031,68.3425
0.0046,45.3152
0.0036,17.4289
0.0047,29.682
0.0041,191.19
0.0041,178.3031
0.0108,91.1585
0.0032,207.8795
0.0058,148.4099
0.0044,56.8288
0.0037,122.6362
0.0032,61.4766
0.0021,171.0147
0.0048,48.6953
0.0095,218.2312
0.0063,192.035
0.0049,223.5127
0.0054,117.3547
0.0042,162.9868
0.0048,192.5631
0.0032,13.2037
0.0092,21.3372
0.0052,52.2868
0.0047,100.7708
0.007,6.2322
0.0048,121.8968
0.0079,102.2497
0.002,112.4957
0.0067,66.8637
0.0097,12.5699
0.0046,162.2474
0.005,139.1145
0.005,105.6298
0.0047,82.18
0.0074,123.9038
0.006,151.8957
0.0048,96.5456
0.0046,103.8341
0.0084,17.5345
0.0117,133.6217
0.006,140.8045
0.0062,115.559
0.0077,83.8701
0.0046,132.0373
0.0142,111.4395
0.0049,38.4493
0.0051,86.9333
0.0046,82.9194
0.0042,47.1109
0.0065,160.8742
0.0207,129.3965
0.0046,47.639
0.0047,197.3165
0.0091,103.2003
0.0029,98.0245
0.0029,148.093
0.0046,45.1039
0.0036,179.3594
0.0074,92.8486
-0.0029,140.382
0.0056,68.4481
0.005,186.331
0.0071,88.5178
0.0074,248.9695
0.0047,149.7831
0.0041,90.2079
0.0029,66.5468
0.012,137.53
0.0056,144.2903
0.0046,151.0506
0.0027,175.8736
0.006,43.5195
0.0068,34.6466
0.0222,116.0872
0.0057,129.5021
0.0038,151.4731
0.0036,112.707
0.0043,148.6211
0.0085,89.7853
0.0064,167.5289
0.0055,120.8405
0.0046,169.8527
0.0077,97.2851
0.0065,63.3779
0.0043,198.1615
0.0057,143.7622
0.0037,92.9542
0.0113,19.7528
0.006,167.4233
0.0046,82.4969
0.0061,113.1295
0.0056,48.3785
0.01,100.8765
0.0076,159.8179
0.0083,132.1429
0.0048,68.8706
0.0047,162.6699
0.005,36.8648
0.0083,127.4952
0.0084,79.6449
0.004,38.5549
0.0047,170.8034
0.0049,153.3745
0.0028,152.2126
0.0159,87.039
0.004,308.1222
0.0026,63.5891
0.0111,69.61
0.0066,84.7151
0.0079,55.35
0.004,97.3907
0.0059,265.4477
0.0053,14.9994
0.0048,64.3286
0.0061,94.5387
0.0096,22.3935
0.0052,59.8921
0.0238,240.9416
0.0082,42.9913
0.0062,72.1452
0.0046,35.5972
0.0072,208.4076
0.0062,164.9938
0.0051,139.2201
0.0067,101.4046
0.0032,188.7605
0.0068,65.5961
0.0074,203.443
0.0072,138.9032
0.0076,158.7616
0.0116,69.8213
0.0042,152.7407
0.0117,28.9426
0.0046,40.0337
0.0041,89.891
0.0051,134.1499
0.0046,149.4662
0.0079,49.7516
0.0043,129.7134
0.0045,117.8829
0.005,64.5398
0.0033,128.7627
0.0032,116.6153
0.0079,180.0988
0.007,202.4923
0.0042,231.2237
0.0042,69.1875
0.0037,148.1986
0.019,180.2045
0.0084,131.4035
0.0054,151.0506
0.0056,104.996
0.0044,47.639
0.0067,69.5044
0.0095,103.5172
0.0168,102.5665
0.0161,143.7622
0.0074,104.2566
0.0064,25.5624
0.0038,144.7128
0.0066,190.8731
0.0065,164.36
0.0081,155.804
0.013,224.4633
0.017,121.6855
0.0053,93.588
0.0061,96.9682
0.0102,125.8051
0.0057,91.6867
0.0111,96.0175
0.0087,118.3054
0.0065,159.3954
0.0053,96.6513
0.0129,131.6147
0.021,181.6833
0.0035,24.4005
0.0051,211.8934
0.0098,89.891
0.0049,36.0198
0.0045,91.581
0.0059,125.8051
0.0155,36.8648
0.0031,123.4812
0.0036,165.6275
0.0038,89.5741
0.0071,239.1459
0.0036,90.5247
0.0046,118.1998
0.0068,101.8271
0.0042,110.7
0.0042,90.6304
0.0077,303.2632
0.0052,122.2137
-0.0028,29.4707
0.0013,17.0064
0.0042,143.5509
0.0031,169.3246
0.0068,100.7708
0.0037,37.6042
0.0063,59.2583
0.0053,125.8051
0.0075,76.6872
0.0033,140.0651
0.0053,137.3188
0.0118,100.6652
0.0055,17.9571
0.0028,31.6889
0.0262,107.4255
0.0047,20.1753
0.005,105.7354
0.0115,86.9333
0.0039,213.161
0.0045,61.8991
0.0097,51.8642
0.0062,64.6454
0.0041,30.4214
0.0035,131.9316
0.0051,98.2357
0.0066,53.9768
0.0038,149.5718
0.0048,139.2201
0.0027,118.0941
0.0088,99.0808
0.0054,258.5818
0.0053,165.0994
0.0063,173.2329
0.0056,136.5793
0.0077,149.4662
0.005,72.3564
0.0076,72.2508
0.0074,171.6484
0.0042,160.4517
0.0074,24.2949
0.0034,78.7998
0.0053,81.9687
0.0033,28.4144
0.009,70.3495
0.01,174.8173
0.0045,64.6454
0.0044,165.8388
0.0083,40.1393
0.0043,123.3756
0.0048,150.3112
0.0046,163.3037
0.0028,98.7639
0.0067,118.7279
0.0113,207.9851
0.0067,97.2851
0.0055,9.4011
0.0058,135.8399
0.0096,203.9712
0.0082,26.3018
0.0055,141.9665
0.0028,74.469
0.0067,217.0693
0.0087,119.5729
0.0098,127.2839
0.0177,42.1463
0.0048,131.7204
0.0054,58.8358
0.0226,87.6727
0.0051,76.2647
0.0035,83.8701
0.0118,61.5822
0.0052,169.0077
0.0047,36.231
0.006,224.4633
0.0074,226.9985
0.0033,119.4673
0.0047,291.1158
0.0053,31.4777
0.002,102.7778
0.0058,56.4063
0.007,108.3762
0.0088,95.2781
0.0041,49.3291
0.0052,115.9815
0.0144,147.6705
0.0047,253.8284
0.007,121.1574
0.0032,194.5701
0.0071,152.3182
0.005,175.4511
0.0048,254.0397
0.0078,128.974
0.0107,178.8313
0.008,111.862
0.0046,130.5584
0.0039,93.6936
0.0059,170.909
0.006,314.6712
0.0058,128.8684
0.008,162.1418
0.0091,166.6838
0.0087,223.0902
0.0049,53.1318
0.0065,37.393
-0.004,164.5712
0.0054,77.4267
0.0042,141.4383
0.0058,126.0164
0.0101,104.5735
0.0076,69.8213
0.0022,86.2996
0.0047,107.1086
0.0114,82.18
0.0064,88.8347
0.0058,131.0866
0.0042,144.8185
-0.0039,169.219
0.0043,215.0623
0.0039,165.6275
0.0055,122.8475
0.0054,110.2775
0.0153,63.906
0.0046,187.9154
0.0054,191.9294
0.0047,135.3118
0.0042,193.0913
0.005,121.0518
0.0059,81.2293
0.0027,102.8834
0.0034,74.5746
0.0041,170.2753
0.0056,80.173
0.0078,149.7831
0.0051,263.7576
0.0021,132.9879
0.0066,190.7674
0.0054,70.8776
0.0046,118.1998
0.0052,70.5607
0.0034,62.1103
0.0075,151.1563
0.0056,131.826
0.0031,42.0407
0.0038,102.9891
0.0043,130.7697
0.0028,116.2984
0.007,56.0894
0.0044,196.4714
0.0059,236.5051
0.0123,140.0651
0.0047,44.0476
0.0048,72.1452
0.0054,138.9032
0.0063,62.3216
0.0048,198.9009
0.0033,101.1934
0.0053,195.5208
0.005,167.6345
0.0076,159.9235
0.0204,36.0198
0.0038,128.974
0.0049,63.4835
0.005,164.8881
0.0109,114.3971
0.0062,145.9804
0.0026,115.1365
0.0045,112.8126
0.005,69.61
0.0041,141.3327
0.0026,113.0239
0.0118,166.367
0.0067,91.0529
0.005,38.9774
0.0024,168.1627
0.0034,17.9571
0.0061,96.7569
0.0059,61.3709
0.0061,108.9043
0.0051,175.5567
0.0051,91.581
0.0054,35.5972
0.0083,39.6112
0.0046,188.4436
0.0139,121.4743
0.0089,232.0687
0.005,178.9369
0.0043,79.5392
0.0064,111.0169
0.0103,196.5771
0.0192,36.6535
0.0055,108.0593
0.0071,70.3495
0.0098,124.2207
0.0065,119.5729
0.0091,56.5119
0.003,137.6356
0.0058,142.0721
-0.004,75.5253
0.0047,30.7383
0.0105,284.6723
0.0066,128.5515
0.0044,146.1917
0.0046,63.3779
0.0043,114.9252
0.0047,156.3321
0.0075,123.1644
0.0041,136.685
0.0059,186.5422
0.0043,95.3837
0.0153,90.4191
0.0058,154.4308
0.0094,31.4777
0.0065,79.7505
0.0042,79.4336
0.0072,82.0744
0.0044,125.8051
0.0049,99.6089
0.0055,116.7209
0.0044,90.9473
0.0095,216.013
0.0026,173.761
0.0058,26.7243
0.0087,116.2984
0.008,39.9281
0.0073,147.5648
0.0072,35.2804
0.0079,89.6797
0.0056,131.9316
0.0059,141.8608
0.0096,112.8126
0.0043,138.4807
0.0051,136.7906
0.0048,154.0083
0.0051,109.5381
0.004,184.5353
0.0021,229.7448
0.0067,181.7889
0.0065,230.6955
0.0097,193.9363
0.0071,99.292
0.0163,82.6025
0.0043,62.4272
0.0064,115.8759
0.0059,165.3107
0.0058,32.3227
0.0052,158.3391
0.005,38.3436
0.0054,285.9399
0.0046,109.5381
0.0049,187.2817
-0.0039,46.5827
0.0024,204.7106
0.005,95.595
0.0046,87.884
0.0045,41.1956
0.0107,118.1998
0.0032,78.9055
0.0076,92.4261
0.0041,25.5624
0.0041,152.8463
0.0038,128.8684
0.0078,41.4069
0.0053,98.447
0.0067,102.3553
0.0136,150.6281
0.0058,223.9352
0.0056,161.9305
0.0084,93.588
0.0041,227.5266
0.0054,183.1621
0.0072,128.6571
0.0066,98.3414
0.0071,53.5543
0.0059,204.4993
0.0077,76.6872
0.0052,31.3721
0.0071,139.0088
0.0038,99.5033
0.0046,46.3715
0.0049,197.4221
0.0052,131.2979
0.0055,84.9264
0.0051,59.5752
0.0032,175.5567
0.0059,109.1156
0.0077,28.2032
0.0079,105.9467
0.0031,89.9966
0.0134,122.5306
0.0055,26.83
0.006,119.1504
0.0055,90.5247
0.0091,47.1109
0.0081,106.3692
0.0026,165.205
0.0048,108.5874
0.0055,148.3043
0.0041,97.3907
0.005,104.6791
0.0046,85.1376
0.0048,87.5671
0.0043,61.054
0.0038,179.8876
0.0052,140.1708
0.0073,57.4626
0.0065,204.9218
0.0087,98.9751
0.0033,244.3218
0.0083,115.2421
0.0092,23.978
0.0067,64.3286
0.0049,45.3152
0.0086,115.9815
0.0045,126.7558
0.0063,25.9849
0.0053,125.4882
-0.0029,104.0454
0.0033,183.3734
0.0128,225.0971
0.0075,18.274
0.0032,57.1457
0.0063,76.7929
0.0051,229.6392
0.0163,233.125
0.0063,252.7721
0.0072,146.5085
-0.0035,42.4632
0.0048,189.183
0.0037,103.0947
0.0054,281.5034
0.0044,143.7622
0.0042,106.4748
0.0081,19.2246
0.0065,152.7407
0.0025,119.2561
0.0043,47.639
0.0055,53.9768
0.0024,123.4812
0.0056,69.5044
0.0038,277.067
0.0048,165.9444
0.0046,45.1039
0.0045,74.1521
0.0052,138.4807
0.0039,98.0245
0.0102,143.8678
0.0094,103.7285
0.0044,41.4069
0.004,134.5724
0.0062,145.3466
0.0024,163.5149
0.0051,123.4812
0.0072,55.9838
0.0064,46.5827
0.0056,179.0425
0.0053,138.9032
0.0062,70.9832
0.0062,64.8567
0.0057,44.8927
0.005,128.4459
0.0148,88.729
0.0042,178.5144
0.004,140.1708
0.0068,51.0192
0.0054,178.5144
0.0041,110.5944
0.0058,23.4498
0.004,144.8185
0.0049,163.4093
0.0049,133.1992
0.0048,115.9815
0.0025,96.9682
0.0072,103.8341
0.0069,153.797
0.0059,123.6925
0.019,140.0651
0.0032,65.7017
0.0052,37.8155
0.0074,107.9537
0.0078,130.3472
0.006,189.183
0.0062,138.4807
0.0174,79.2224
0.0058,110.2775
0.0016,97.2851
0.0046,116.7209
0.0025,56.4063
0.0049,104.996
-0.0036,147.248
0.0046,20.5978
-0.004,34.0128
0.0111,70.1382
0.0028,203.9712
0.0072,42.1463
0.0066,49.5404
0.0067,87.039
0.0069,176.1905
0.0088,211.3653
0.0045,53.7656
0.004,19.2246
0.01,90.4191
0.0096,115.1365
0.0071,71.5114
0.0071,77.2154
0.0045,171.1203
0.0043,184.5353
0.0055,130.5584
0.0057,80.3843
0.0047,86.4052
0.0042,97.6019
0.0048,133.4105
0.0034,153.797
0.0047,98.7639
0.0099,151.3675
0.0048,56.8288
0.0141,61.3709
0.0053,84.6095
0.0097,86.4052
0.0044,142.1777
0.0058,72.5677
-0.0037,209.9921
0.0031,78.1661
0.0087,200.0629
0.0067,65.068
0.0052,179.7819
0.0015,89.7853
0.0039,178.7256
0.0101,211.2596
0.0082,157.0715
0.0054,154.8533
0.0048,193.0913
0.0041,49.646
0.015,5.8096
0.0061,15.6332
0.0028,117.1435
0.0075,200.591
0.005,152.2126
0.0062,103.306
0.0052,165.5219
0.0103,107.5311
0.0078,231.6462
0.0039,163.6206
0.0117,128.6571
0.0087,24.6117
0.0043,38.6605
0.0055,101.9328
0.0067,37.393
0.0048,141.8608
0.0057,48.1672
0.0072,74.2578
0.0034,62.6385
-0.0038,62.1103
0.0054,157.9166
0.0065,35.386
0.0071,58.0964
0.0048,124.115
0.0071,216.2242
0.0041,124.9601
-0.0038,166.8951
0.006,89.9966
0.0052,181.7889
0.0075,96.8625
0.0049,141.0158
0.0067,172.7047
0.0054,87.1446
0.0041,107.003
0.0042,35.2804
0.0133,188.0211
0.0077,150.5225
0.0076,139.7482
0.0061,96.1231
0.0056,133.5161
0.0035,256.8917
0.0056,55.35
0.0038,78.0604
0.0058,129.7134
0.0046,87.2502
0.0044,67.1806
0.0054,108.2706
0.0085,178.9369
0.0057,160.8742
0.0087,133.7273
0.0071,114.9252
0.0158,136.8962
0.0059,76.3704
0.0066,103.6228
0.0113,58.5189
0.0047,155.3815
0.0056,82.8138
0.0047,113.1295
0.0061,138.6919
0.0169,101.5102
0.0056,121.8968
0.006,218.6537
0.0116,143.9734
0.007,155.3815
0.0054,63.4835
0.0031,107.3199
0.0062,101.5102
0.0057,114.9252
0.007,112.1789
0.0074,62.216
0.0052,76.476
0.0048,181.5776
0.0227,110.1719
0.0061,96.8625
0.0047,115.9815
0.0076,28.3088
0.0036,111.6507
0.0039,159.2898
0.0057,50.2798
0.0048,203.8655
0.0071,126.0164
0.0054,40.8787
0.0061,130.8753
0.0035,116.0872
0.0064,120.418
0.0034,94.1162
0.0123,103.306
0.0074,174.7117
0.0044,125.9107
0.0057,56.7232
0.0056,71.0889
0.0057,274.215
0.0082,120.9461
0.02,86.7221
0.0048,150.945
0.0048,239.9909
0.0037,51.4417
0.005,153.0576
0.0056,84.9264
0.0045,94.7499
0.0071,163.7262
0.0138,44.0476
0.0042,83.9757
0.0089,56.4063
0.0029,155.4871
0.0075,126.0164
0.0057,143.6565
0.0034,172.2822
0.0058,38.1324
0.0076,250.3427
0.0052,144.9241
0.0048,33.0621
0.0039,11.408
0.0069,71.3001
0.0046,179.3594
0.0085,26.83
0.0044,72.2508
0.0065,75.7366
0.0031,22.1823
0.0089,211.7878
0.0045,199.6403
0.0042,175.5567
0.0072,65.068
0.0057,126.5445
0.0044,130.981
0.0042,196.4714
0.0032,167.9514
0.0039,111.0169
0.0021,287.4187
0.0063,123.6925
0.0036,44.787
0.0054,24.0836
0.0361,106.6861
0.0057,139.1145
0.0051,77.321
0.0048,87.5671
0.0071,48.2728
0.0019,132.671
0.0036,97.1794
0.0036,219.1819
0.0061,63.1666
0.0061,46.0546
0.009,104.2566
0.0152,150.5225
0.005,178.1975
0.003,138.5863
0.0064,202.2811
0.0064,144.1847
0.0049,158.4447
0.0171,146.2973
0.0075,87.6727
0.0085,345.6207
0.0058,184.2184
0.0053,152.952
0.0031,164.1487
0.0051,140.5933
0.0139,122.425
0.0035,127.6008
0.0046,96.0175
0.0062,118.7279
0.0041,239.2515
0.005,50.1742
0.008,137.8469
0.0041,186.6479
0.0064,118.8335
0.0141,120.5236
0.005,97.9188
0.0045,102.4609
0.0109,31.2664
0.0041,81.1237
0.0088,148.8324
0.0059,128.6571
0.0061,137.9525
0.0045,133.1992
0.0103,125.6995
0.0236,136.2625
0.0053,110.2775
0.0041,200.3798
0.0031,43.7307
0.004,115.7703
0.0073,137.8469
0.0037,132.671
0.0021,121.3687
0.0028,254.6735
0.0059,20.7034
0.0027,112.0732
0.0066,111.1226
0.0054,110.0663
0.0042,188.9717
0.007,163.9375
0.0051,140.8045
0.0034,217.8087
0.0026,284.778
0.0045,188.0211
0.0046,99.3977
0.0062,37.393
0.0071,174.5004
0.0031,12.4643
0.0032,141.8608
0.0035,188.0211
0.0047,181.1551
0.0023,39.8224
0.008,98.2357
0.0055,107.9537
0.0046,142.2834
0.0075,85.3489
0.0068,79.7505
0.0049,178.4088
0.0131,16.6895
0.0047,49.0122
0.0063,93.6936
0.0028,92.1092
0.0084,213.7947
0.0054,139.9595
0.0036,132.9879
0.0096,89.5741
0.0114,143.1284
0.0051,198.0559
0.0136,114.9252
0.0041,53.5543
0.0048,46.3715
0.0063,54.3994
-0.0007,101.0877
0.009,53.6599
0.0076,199.6403
0.0049,91.6867
0.0084,93.2711
0.0056,212.5272
0.0191,210.2033
0.0039,145.1354
0.0038,97.1794
0.0168,139.8539
0.0065,108.3762
0.0051,175.9793
0.0046,136.3681
0.0065,92.9542
0.0079,100.6652
0.0088,18.8021
0.0057,58.202
0.007,107.848
0.0101,13.5206
0.0079,130.1359
0.0054,5.9153
0.0046,169.8527
0.0038,272.8418
0.0049,11.408
0.0065,142.8115
0.0041,117.6716
0.0094,77.6379
0.0045,117.1435
0.0033,103.7285
0.0077,169.9584
0.0047,47.4278
0.0039,177.1412
0.0082,195.8377
0.0043,92.3205
0.0062,72.6733
0.0059,119.7842
0.0041,170.5921
0.0057,245.1668
0.0063,56.6176
0.0059,178.62
0.0025,118.411
0.0042,181.6833
0.0056,88.0953
0.0044,69.61
0.0061,133.0936
0.0037,79.328
0.0088,163.4093
0.0039,102.144
0.006,209.2527
0.005,84.2926
0.0038,134.1499
0.0027,124.9601
0.0036,48.5897
0.0038,36.9704
0.007,163.3037
0.0079,9.1898
0.0069,47.2165
0.0098,57.8851
0.0056,80.9124
0.011,105.8411
0.0063,67.8143
0.0051,126.3333
0.0051,138.6919
0.0065,194.3589
0.0036,48.2728
0.0044,129.0796
0.0053,149.4662
0.0043,89.1516
0.0032,99.8202
-0.0041,18.9077
0.0055,171.7541
0.006,199.2178
0.0131,245.0612
0.0043,236.3995
0.008,139.1145
0.0089,111.4395
0.004,270.8348
0.0058,116.6153
0.0037,90.736
0.008,86.9333
0.0094,14.7882
0.0047,91.6867
0.0049,132.3542
0.0043,88.5178
0.0044,147.5648
0.0067,34.6466
0.0059,124.115
0.0073,183.3734
0.0043,161.9305
0.0213,148.5155
0.0036,32.6396
0.0059,48.5897
0.0043,51.3361
0.0055,97.2851
0.0043,152.952
0.0032,113.552
0.0031,204.0768
0.0016,106.2636
0.0063,200.1685
0.026,113.2352
0.0057,99.7145
0.0053,176.613
0.0049,55.5613
0.0065,240.9416
0.0058,119.3617
0.0072,74.469
0.0058,111.5451
0.0048,233.125
0.0048,68.3425
0.0071,205.5556
0.0042,99.7145
0.0024,95.4893
0.0036,115.559
0.0038,99.8202
0.0118,66.9693
0.005,149.9943
0.0035,38.1324
0.0153,26.7243
0.0064,115.3478
0.0041,76.2647
0.0101,196.0489
0.0052,50.9136
0.0044,112.1789
0.0039,80.0674
-0.0041,67.2862
0.0103,64.8567
0.0022,132.7767
0.0078,206.5063
0.0087,66.8637
0.0052,123.4812
0.006,153.3745
0.0057,200.591
0.008,77.321
0.0029,102.6722
0.007,74.469
0.0048,78.0604
0.0053,201.5417
0.0071,8.6616
0.0063,163.6206
0.008,58.3077
0.0093,51.1248
0.0051,88.729
0.0041,166.6838
0.0028,100.8765
0.0042,91.0529
0.0049,135.1005
0.007,96.2288
0.0047,110.8057
0.0033,29.3651
0.0049,137.6356
0.0041,71.7226
0.0058,118.8335
0.0063,21.0203
0.007,120.8405
0.006,217.3862
0.0135,68.8706
0.0068,35.4916
0.0072,207.6682
0.0052,153.6914
0.0108,152.6351
0.0061,113.8689
0.0081,114.2915
0.0047,285.5174
0.0041,218.1256
0.0037,334.6352
0.0052,157.0715
0.0071,84.3982
0.0044,19.5415
0.0045,167.212
0.0042,73.624
0.0035,110.1719
0.0052,112.9183
0.008,92.1092
0.007,8.4504
0.024,247.9132
0.0045,188.5492
0.0085,131.9316
0.0086,99.5033
0.0079,96.44
0.0069,310.0235
0.0066,134.678
0.0046,166.8951
0.0059,240.9416
0.0035,40.6675
0.018,50.491
0.0033,146.2973
0.0058,213.0553
0.0055,104.2566
0.0069,211.2596
0.005,233.2306
0.0068,125.277
0.0057,188.338
0.0228,98.0245
0.0079,157.8109
0.005,124.115
0.0114,38.5549
0.0053,98.8695
0.0042,87.039
0.0091,68.8706
0.0116,86.6164
0.0047,110.2775
0.0054,57.2514
0.0054,116.7209
0.0072,55.9838
0.0142,99.8202
0.002,107.003
0.0062,145.7691
0.0067,121.5799
0.0054,60.3146
0.0048,93.0599
0.0099,53.0262
0.0048,159.0785
0.0038,24.7174
0.0076,115.7703
0.0052,52.2868
0.005,90.5247
0.009,150.7337
0.0045,67.92
0.0098,118.8335
0.0241,112.8126
0.0089,64.2229
0.0064,154.3252
0.0097,91.581
0.0067,9.1898
0.0055,110.3832
0.0066,45.4208
0.0075,46.3715
0.0082,60.3146
-0.0041,142.1777
0.0044,55.5613
0.009,128.5515
0.0041,301.7844
0.0048,126.7558
0.0051,178.5144
0.0059,164.9938
0.0027,101.1934
0.0041,184.2184
0.0057,102.4609
0.0065,91.0529
0.0058,132.0373
0.0055,97.4963
0.0036,89.3628
-0.0038,23.2386
0.0044,67.6031
0.0042,92.5317
0.0037,97.9188
0.0046,116.0872
0.0032,123.7981
0.0088,143.6565
0.0049,100.6652
0.0298,63.061
0.0053,133.9386
0.0041,117.4604
0.0061,119.3617
0.0098,130.4528
0.0056,50.491
0.004,196.2602
0.0046,48.9066
0.0094,52.6036
0.0052,149.3606
0.0058,156.1209
0.0051,58.3077
0.0247,179.2538
0.0022,41.6181
0.0023,223.5127
0.0045,143.5509
0.0044,155.9096
0.0045,138.9032
0.0048,108.4818
0.0049,132.1429
0.0036,55.4557
0.0062,173.2329
0.0035,146.5085
0.0055,147.1423
0.0067,177.3525
0.0047,17.3233
0.0036,147.5648
0.0024,310.446
0.0051,181.7889
0.003,239.1459
0.0057,106.0523
0.0065,163.1981
0.0098,197.3165
0.0066,82.0744
0.003,63.4835
0.0038,100.6652
0.0038,56.4063
0.0044,139.537
0.0061,43.5195
0.0047,141.1214
0.0051,13.5206
0.0128,77.7435
0.0035,22.4991
0.0041,43.942
0.0055,183.3734
0.0065,158.4447
0.0052,58.3077
0.0055,155.3815
0.0061,131.6147
0.0032,100.1371
0.0058,118.411
0.005,149.8887
0.0089,156.649
0.0059,137.9525
-0.004,107.003
0.0073,85.4545
0.0099,57.6739
0.0056,111.1226
0.0057,80.2787
0.0034,71.5114
0.0086,33.5903
0.0064,208.4076
0.003,92.8486
0.0054,47.4278
0.0051,183.3734
0.0072,9.8236
0.0048,164.5712
0.0042,65.5961
0.013,63.2723
0.0056,170.8034
0.0061,95.1725
0.0087,26.83
0.007,130.6641
0.0067,128.8684
0.0095,8.1335
0.0098,53.1318
0.0031,44.4702
0.0073,126.5445
0.0053,177.8806
0.0043,137.0019
0.0051,85.4545
0.0051,107.9537
0.0027,71.0889
0.0047,193.8307
0.005,73.5183
0.0044,157.1772
0.0036,95.595
0.005,138.4807
0.0033,27.8863
0.0074,143.0228
0.0058,165.5219
0.0042,91.3698
0.0047,137.1075
0.0054,186.331
0.0049,134.3611
0.0032,104.0454
0.0057,228.4773
0.0036,216.4355
0.0048,16.4783
0.004,162.7755
0.0031,146.5085
0.0079,31.2664
0.0054,14.7882
-0.0039,41.09
0.004,92.9542
0.0067,137.7413
0.0031,133.833
0.0033,53.5543
0.0039,55.1388
0.0075,122.8475
0.0067,44.1533
0.016,66.2299
0.0059,67.3918
0.0029,15.6332
0.0038,170.3809
0.0069,142.1777
0.0033,95.595
0.0066,74.2578
0.0046,103.7285
0.012,160.8742
0.0067,87.884
0.0046,158.0222
0.007,124.7488
0.0046,67.6031
0.005,69.1875
0.0071,21.971
0.0064,137.8469
0.0059,149.8887
0.0042,153.2689
-0.0031,164.5712
0.0052,88.0953
0.004,141.4383
0.0052,185.9085
0.0027,83.5532
-0.0018,132.1429
0.0086,71.7226
0.0045,118.7279
0.0063,173.761
0.006,244.533
0.0134,203.6543
0.0054,54.7162
0.0039,132.9879
0.0044,62.3216
0.0066,115.1365
0.0029,154.3252
0.0048,156.2265
0.0128,121.0518
0.0065,124.9601
0.0067,12.6756
0.0074,88.6234
0.0124,56.0894
0.0064,132.3542
-0.0038,17.0064
0.0041,92.1092
0.0038,113.6577
0.0082,182.6339
0.0062,90.6304
0.0053,54.1881
0.0051,72.3564
0.0067,101.1934
0.0065,103.2003
0.0068,103.2003
0.0056,169.3246
0.0043,42.0407
0.0056,48.2728
0.0063,149.8887
0.0277,122.2137
0.0058,35.4916
0.0054,134.0442
0.0128,78.9055
0.0042,100.6652
0.0056,74.3634
0.0066,117.566
0.0067,44.0476
0.0052,149.9943
0.0086,115.9815
0.022,163.9375
0.0063,147.7761
0.0039,166.1557
0.0034,136.7906
0.0038,129.0796
0.0067,119.0448
0.005,149.4662
0.005,37.393
0.0094,169.7471
0.005,156.3321
0.0031,161.0855
0.0089,215.2736
0.0045,132.671
0.0043,27.0412
0.0046,174.5004
0.0058,104.6791
0.0056,47.7447
0.0098,39.7168
0.0058,142.0721
0.0038,56.6176
0.0045,114.3971
0.0035,137.0019
0.0059,76.2647
0.0019,225.0971
0.0025,106.6861
0.0077,129.5021
0.0055,53.5543
0.0054,17.3233
0.006,62.6385
0.0047,128.8684
0.004,123.9038
0.013,169.8527
0.0048,148.8324
0.0048,52.8149
0.0095,55.35
0.0074,61.8991
-0.004,145.3466
0.0054,116.7209
0.0072,182.3171
0.006,76.2647
0.0075,150.6281
0.0048,59.7865
0.0046,43.942
0.0036,73.4127
0.0043,64.1173
0.0072,58.5189
0.0053,62.0047
0.005,93.0599
0.0062,85.2433
0.006,130.8753
0.0047,211.7878
0.0061,110.5944
0.0049,49.4348
0.0051,186.2254
0.0068,56.1951
0.0035,218.865
0.002,138.5863
0.0044,112.1789
0.008,134.3611
0.0059,238.5121
0.0045,183.6902
0.0023,154.3252
0.0074,98.2357
0.0048,154.3252
0.0052,16.4783
0.0074,219.71
0.0043,118.8335
0.0096,96.3344
0.0022,162.2474
0.0036,70.6663
0.0067,84.0813
0.0026,45.3152
0.0043,164.6769
0.006,69.61
0.0073,206.1894
0.005,179.0425
0.003,245.6949
0.0065,67.92
0.0052,127.7064
0.0059,79.2224
0.0115,11.3024
0.0097,75.3141
0.0061,85.7714
0.0029,117.1435
0.0057,46.794
0.0041,12.1474
0.0027,85.7714
0.0035,66.0186
0.0052,179.2538
0.0225,201.0135
0.0046,22.3935
0.0061,91.581
0.006,138.9032
0.0076,72.3564
0.0079,83.9757
0.0046,37.6042
0.0091,164.8881
0.008,173.3385
0.0042,65.068
0.01,41.6181
0.0037,141.1214
0.0064,93.588
0.0038,152.1069
0.0051,130.3472
0.0044,75.5253
0.0029,191.6125
0.0028,112.2845
0.009,81.1237
0.0113,43.942
0.0048,258.6874
0.0087,81.2293
0.0046,214.006
-0.0031,62.9554
0.0054,72.4621
0.007,82.3913
0.0037,209.6752
0.0075,100.8765
0.005,23.978
0.0031,203.7599
0.0041,139.2201
0.0055,119.3617
0.0037,104.5735
0.0032,246.0118
0.0069,117.6716
0.0109,88.8347
0.0074,105.5242
0.0032,165.9444
0.0102,104.5735
0.0067,221.9282
0.0072,109.2212
0.0096,196.6827
0.0057,135.3118
0.0062,84.5038
0.0038,82.2856
0.0042,206.6119
0.0038,133.3048
0.0074,131.1922
0.005,64.2229
0.0035,102.9891
0.0078,128.6571
0.0041,51.8642
0.0061,162.1418
0.0043,254.3566
0.0112,99.8202
0.0028,115.7703
0.0041,106.2636
0.0042,99.3977
0.0103,151.0506
0.005,174.3948
-0.0037,201.4361
0.0061,213.6891
0.0067,153.0576
0.0046,80.173
0.0078,53.8712
0.0067,36.6535
0.004,93.3768
0.0043,182.6339
0.0058,136.0512
0.005,94.6443
0.004,119.2561
0.0077,157.2828
0.0021,159.2898
0.0058,89.6797
0.0051,165.3107
0.005,125.9107
0.0097,96.1231
0.009,112.1789
0.0057,257.4199
0.0131,163.5149
0.0047,72.5677
0.0058,42.5688
0.0031,149.8887
0.006,55.5613
0.0081,60.8428
0.0168,173.761
0.0045,149.6774
0.0045,106.7917
0.0038,88.729
0.0044,170.5921
0.0076,148.3043
0.0234,155.1702
0.0055,155.1702
0.0066,53.7656
0.007,192.2463
0.0037,73.7296
0.0045,85.5601
0.0044,102.7778
0.0047,160.1348
0.003,78.3773
0.0067,167.9514
0.0049,131.0866
0.0026,175.3455
0.004,81.7575
0.0047,177.0356
0.0075,108.7987
0.0034,18.274
0.0048,41.1956
0.008,184.2184
0.0049,98.2357
0.0042,118.0941
0.0054,56.9345
0.0135,113.6577
0.0051,173.6554
0.0053,42.6744
0.006,228.3717
0.0047,134.4668
0.0047,138.7976
0.0044,151.0506
0.0047,139.7482
0.0042,104.996
0.0056,40.6675
0.0041,171.6484
0.0101,50.0685
0.0083,91.6867
0.0089,82.4969
0.0128,53.6599
0.0036,199.6403
0.0213,130.1359
0.0047,123.4812
0.005,101.1934
0.0071,86.7221
0.0246,134.1499
0.0067,204.9218
0.0032,116.4041
-0.0029,164.7825
0.0058,114.0802
0.0045,95.7006
0.0048,55.4557
0.0103,111.0169
0.0041,76.7929
0.0038,89.7853
0.005,78.9055
0.0047,149.3606
0.004,56.7232
0.0047,109.7494
0.0057,95.9119
0.0004,119.1504
0.0042,86.0883
0.0106,189.4999
0.0054,171.2259
0.0048,134.7836
0.005,116.1928
0.0089,83.2363
0.0042,162.4587
0.0057,40.5618
0.0045,152.4238
0.005,193.4082
0.0066,100.1371
0.0066,120.5236
0.0027,122.3193
0.0048,140.2764
0.0061,98.9751
0.003,174.8173
0.0049,202.8092
0.0074,128.6571
0.0062,163.5149
0.0046,145.0297
0.0043,110.5944
0.0037,132.2485
0.0038,106.2636
0.0041,30.6326
0.0053,163.0924
0.0135,182.6339
0.0111,131.9316
0.01,105.4186
0.0086,94.7499
0.0055,116.0872
0.0036,160.0292
0.0054,70.4551
0.0076,67.8143
0.0065,49.3291
0.0031,146.8254
0.0071,58.0964
0.016,134.1499
0.0054,141.4383
0.0035,214.6398
0.0044,102.3553
0.0073,115.559
0.0095,86.1939
0.0038,201.6473
0.0049,94.5387
0.0063,145.7691
0.0051,300.5168
0.0033,69.3988
0.0164,29.9989
0.0036,69.1875
0.0102,91.1585
0.0031,130.5584
0.0048,184.324
0.0057,182.8452
0.0056,52.498
0.0051,97.6019
0.0113,67.7087
0.0097,301.7844
0.0049,190.9787
0.0118,157.8109
0.0132,151.6844
0.0026,233.125
0.0048,106.7917
0.0086,81.1237
0.0045,104.5735
0.0121,89.1516
0.0053,109.3269
0.0028,232.3856
0.0058,170.8034
0.0048,94.1162
0.0074,60.3146
0.0064,68.2369
0.0046,171.6484
0.011,28.7313
0.0041,122.8475
0.0058,163.3037
0.0063,124.7488
0.005,120.2067
0.0068,103.4116
0.0092,49.9629
0.0041,18.4852
0.006,211.7878
0.0054,292.1721
0.0037,125.6995
0.0049,158.3391
0.0066,111.4395
0.004,126.3333
0.0049,69.2932
0.0045,155.2758
0.0071,117.8829
0.0061,98.6582
0.0097,72.0395
-0.003,29.2595
0.0054,241.7866
0.0027,201.2248
0.0034,94.8556
0.0036,53.5543
0.0116,59.5752
0.0071,70.3495
0.0044,209.147
0.0047,39.1887
0.009,127.2839
0.0044,79.1167
0.0056,47.7447
0.0079,202.9149
0.0059,253.8284
0.0067,51.653
0.0059,99.5033
0.0054,64.4342
0.0051,76.6872
0.0119,93.4824
0.0048,49.2235
0.0046,162.7755
0.0072,167.7401
0.0044,85.1376
0.0041,16.6895
0.0053,215.4848
0.0056,28.2032
0.0049,123.5869
0.0062,150.1
0.0042,26.4075
0.0069,25.7737
0.0075,89.1516
0.0052,130.1359
0.0081,114.2915
0.0048,55.6669
0.0042,65.2792
-0.0041,103.7285
0.0048,244.3218
0.0045,47.4278
0.0056,167.6345
0.0155,224.8859
0.0065,142.2834
0.0012,69.1875
0.0036,117.4604
0.0077,109.6437
0.0062,222.3508
0.0059,131.4035
0.0048,162.5643
0.0088,183.2677
0.0063,168.3739
0.0191,105.6298
0.0053,230.5899
0.0053,163.9375
0.004,134.0442
0.0086,92.743
0.0221,173.2329
0.0091,100.8765
0.0064,117.566
0.0052,127.6008
0.0067,199.2178
0.0071,140.9102
0.0085,139.4314
0.0042,53.2374
0.0055,102.7778
0.0039,209.3583
0.0028,110.3832
0.0057,50.491
0.0096,53.2374
0.0083,51.1248
0.0044,285.3061
0.0,60.5259
0.006,215.2736
0.0059,29.8932
0.0049,94.7499
0.0036,89.7853
0.0049,171.6484
0.0095,127.4952
0.006,113.7633
0.005,56.8288
0.0038,55.2444
0.0052,74.7859
0.0035,111.6507
0.0075,37.7098
0.0049,123.27
0.0079,89.7853
0.0089,60.1034
0.0074,159.1841
0.0062,157.3884
0.006,205.2387
0.0047,224.8859
0.0204,74.5746
0.0035,29.2595
0.0046,104.5735
0.0071,180.5213
0.0044,131.0866
0.0064,47.639
0.0041,119.3617
0.0065,245.3781
0.0042,113.552
0.0042,226.8928
0.0063,62.5328
0.0074,88.9403
0.0045,226.4703
0.0049,57.9908
0.0075,100.3483
0.0041,28.3088
0.0044,225.7309
0.0044,187.3873
0.0045,51.7586
0.0039,90.736
0.0077,68.6594
0.0147,154.8533
0.0034,23.8723
0.0065,102.7778
0.0057,36.9704
0.0041,54.7162
0.0057,21.3372
0.0058,100.9821
0.0034,153.1632
0.005,204.4993
0.0053,38.6605
0.0059,53.6599
0.0076,90.9473
0.004,56.5119
0.0054,187.3873
0.0048,144.8185
0.0067,55.35
0.0049,120.2067
0.0045,83.6588
0.0044,169.5358
0.0052,126.8614
0.0078,101.9328
0.0045,132.0373
0.006,165.3107
0.0037,55.8782
0.003,104.8904
0.0151,107.1086
0.0072,20.4922
0.0022,159.8179
0.0051,218.1256
0.0043,106.6861
-0.0006,168.057
0.005,175.9793
0.0041,303.897
0.0087,57.7795
0.0189,135.8399
0.004,146.6142
0.0039,128.129
0.0084,77.2154
0.0055,245.6949
0.0114,250.237
0.0041,200.6966
0.0072,39.3999
0.0049,73.8352
0.011,50.0685
0.0039,81.2293
0.0065,22.1823
0.005,185.6972
0.0044,102.8834
0.0079,139.6426
0.0143,16.6895
0.0091,102.2497
0.0046,180.5213
0.0041,91.3698
0.0053,154.0083
0.0051,114.9252
0.0058,119.1504
0.0053,190.9787
0.0178,149.1493
0.0078,147.8817
0.0015,45.7377
0.0049,87.3559
0.0022,173.6554
0.0068,135.3118
0.0122,81.0181
0.0041,199.3235
0.0058,141.1214
0.0154,160.4517
0.005,198.1615
0.0046,57.6739
0.0059,187.3873
0.0041,70.1382
0.002,200.6966
0.0127,108.2706
0.0065,87.7784
0.0046,124.115
0.0086,59.6808
0.0041,78.7998
0.0117,123.27
0.0073,121.5799
0.0053,120.8405
0.0062,148.1986
0.0067,68.3425
0.0086,7.6053
0.0039,102.2497
0.0051,69.5044
0.0053,170.064
0.0088,110.7
0.0045,115.4534
0.0055,55.9838
0.0053,133.5161
0.0019,178.3031
0.0039,183.479
0.0105,147.5648
0.0054,84.5038
0.0043,106.6861
0.0073,138.1638
0.0061,126.3333
0.0043,169.3246
0.0045,104.7848
0.0056,58.3077
0.0047,108.1649
0.0044,17.4289
0.0032,171.7541
0.0045,179.1482
0.0056,232.5968
0.004,9.4011
0.0026,184.324
0.0044,12.3587
0.0144,64.5398
0.0072,85.6658
0.0037,68.765
0.0129,74.3634
0.0052,137.8469
0.0112,37.7098
0.0048,61.1597
0.0229,115.1365
0.0025,96.8625
0.0034,68.5537
0.0054,71.5114
0.0054,23.4498
0.0061,57.8851
0.0037,28.6257
0.0093,63.6948
0.0071,204.7106
0.0048,85.1376
0.0049,186.2254
0.0041,21.7597
0.0033,150.945
0.0047,61.1597
0.0037,34.7522
0.0094,88.2009
0.0062,104.0454
0.0036,153.6914
0.0038,171.3316
0.0182,127.2839
0.0082,148.3043
0.0039,113.7633
0.0088,117.8829
0.0041,139.7482
0.0064,107.1086
0.0071,15.6332
0.0052,92.9542
0.0038,184.6409
0.0046,177.775
0.0095,52.498
0.006,131.826
0.0087,102.8834
0.0056,50.491
0.0059,124.9601
0.0054,12.3587
0.0116,87.039
0.0049,89.7853
0.0058,194.4645
0.0093,60.209
0.0081,228.1604
0.0265,31.2664
0.0097,199.2178
0.0049,62.4272
0.0062,183.1621
0.0056,96.5456
0.0082,186.2254
0.011,12.8868
0.0066,47.639
0.0057,174.6061
0.0052,201.6473
0.0053,89.4685
0.0061,10.563
0.0051,197.3165
0.0067,178.3031
0.0053,147.1423
0.0049,193.3026
0.003,160.7686
0.006,88.4122
0.0064,105.6298
0.0045,23.4498
0.0076,52.2868
0.006,179.0425
0.0116,40.1393
0.0084,93.2711
0.0033,149.8887
0.0069,44.3645
-0.0037,166.6838
0.0105,90.2079
0.0031,94.9612
0.0047,102.0384
0.006,105.3129
0.0061,197.3165
-0.004,145.0297
0.0079,71.8283
0.0106,55.8782
0.0029,55.7725
0.0099,58.0964
0.0041,134.8893
0.0085,164.5712
0.0062,204.8162
0.0048,73.9409
0.0054,141.0158
0.0097,66.8637
0.0054,108.3762
0.0063,111.9676
0.0055,91.2642
0.0028,169.1133
0.0034,111.6507
0.0192,119.3617
0.0002,133.5161
0.0055,175.6624
0.0059,157.8109
0.0192,68.1312
0.0021,80.4899
0.0042,171.4372
0.0048,215.6961
0.0232,94.9612
0.0046,93.4824
0.0097,135.1005
0.0048,75.3141
0.0031,105.8411
0.008,53.7656
0.007,55.1388
0.0045,101.5102
0.004,37.393
0.0052,153.1632
0.0064,60.9484
0.0042,34.4353
0.0111,77.7435
0.0059,72.5677
0.0163,150.3112
0.0044,58.5189
0.0066,46.1602
0.0044,185.5916
0.0046,97.3907
0.0055,64.1173
0.0052,57.0401
0.0036,114.1858
0.0045,71.0889
0.0109,152.0013
0.0033,53.0262
0.0077,134.7836
0.0079,98.2357
0.0079,86.4052
0.0034,64.4342
0.0045,103.7285
0.0049,190.5562
0.0053,139.8539
0.0063,80.173
0.0084,26.4075
0.0027,87.884
0.0056,77.7435
0.0081,88.729
0.006,209.147
0.0059,120.2067
0.0112,44.8927
0.0055,138.4807
0.0035,120.6292
0.0051,46.8996
0.0038,211.999
0.005,242.526
0.005,70.2438
0.0031,72.1452
0.0022,40.4562
0.0056,52.7093
0.0051,295.7635
0.005,156.8603
0.0027,109.6437
0.0047,97.8132
0.0106,122.9531
0.0145,51.653
0.0057,74.2578
0.0042,162.5643
0.0051,111.5451
0.0045,163.3037
0.0052,46.0546
0.0112,205.6612
0.0049,69.61
0.0041,148.5155
0.0053,32.2171
0.0075,40.9844
0.0038,123.3756
0.0047,99.3977
0.0042,120.3124
0.0055,60.5259
0.0039,141.8608
0.0092,80.7012
0.0046,103.5172
0.0076,109.5381
0.0084,44.2589
0.0048,175.2399
-0.004,88.4122
0.0056,31.1608
0.0063,138.4807
0.005,138.7976
0.0047,292.3833
0.0041,145.9804
0.006,189.7111
0.0049,87.039
0.0057,77.2154
0.0052,110.2775
0.0011,202.9149
0.0043,158.656
0.0043,249.9201
0.0055,96.9682
0.0032,39.7168
0.0079,222.3508
0.01,145.7691
0.0057,83.6588
0.0017,134.3611
0.0058,206.5063
0.0047,89.4685
0.0149,186.1197
0.0051,112.3901
0.0073,187.2817
0.0033,128.6571
0.0044,100.9821
0.0047,81.335
0.0051,34.0128
0.0068,180.0988
0.005,89.4685
0.0056,73.9409
0.0048,67.6031
0.0077,173.2329
0.0043,63.4835
0.0045,152.4238
0.0028,118.9392
0.0046,188.4436
0.004,62.4272
0.0054,79.8561
0.0035,204.7106
0.0051,59.9977
0.0039,82.7081
0.0081,72.9902
0.0057,172.5991
0.0022,106.2636
0.0066,190.9787
0.0048,151.0506
0.0123,68.5537
0.009,249.1807
0.0051,145.6635
0.0042,144.6072
0.0059,248.3357
0.006,75.3141
0.01,200.6966
0.004,98.7639
0.0053,113.8689
0.0056,98.8695
0.0235,218.3368
0.0084,132.7767
0.0021,131.4035
0.0077,78.6942
0.004,131.9316
0.0049,18.0627
0.0065,99.8202
0.0077,146.086
0.0051,149.9943
0.0037,123.4812
0.0058,80.2787
0.0038,173.3385
0.0053,99.3977
0.0046,50.3854
0.0027,167.0007
0.0042,145.3466
0.006,238.7234
0.0068,115.559
0.005,162.353
0.006,72.8846
0.0049,129.7134
0.0027,34.2241
0.0114,228.8998
0.0047,56.4063
0.0058,160.8742
0.0047,100.5596
0.0048,210.309
0.0047,50.3854
0.0037,33.2734
0.0051,104.8904
0.0069,21.6541
0.006,21.0203
0.0049,122.2137
0.0052,116.2984
-0.0006,197.3165
0.0035,145.0297
0.0048,104.7848
0.0184,97.1794
0.0069,141.9665
0.0051,54.6106
0.007,170.064
0.0038,216.5411
0.0216,107.848
0.0034,82.6025
0.005,117.8829
0.0043,218.865
0.0072,98.5526
0.0091,124.115
0.0053,174.5004
0.0096,18.9077
0.0069,141.3327
0.0039,86.9333
0.0039,16.6895
0.0097,200.8023
0.0035,121.7912
0.0051,152.3182
0.004,83.025
0.0081,80.9124
0.0107,123.5869
0.0044,71.8283
0.0042,228.7942
0.0062,139.1145
0.0047,48.6953
0.0069,138.2694
0.0056,184.2184
0.0043,72.8846
0.0061,57.357
0.002,92.1092
0.0103,55.35
0.0028,45.7377
0.0023,60.3146
0.0088,15.2107
0.0036,72.5677
0.0078,71.3001
0.0035,46.1602
0.0053,132.2485
0.0047,79.4336
0.0046,101.1934
0.0039,83.5532
0.0043,188.4436
0.0071,150.7337
0.015,19.964
0.0077,224.4633
-0.0012,130.8753
0.0088,150.1
0.007,50.5967
0.005,53.9768
0.0202,213.161
0.0041,148.1986
0.0118,103.0947
0.0097,23.2386
0.0055,163.9375
0.005,155.3815
0.007,52.6036
0.0068,50.2798
0.0103,88.8347
0.0087,224.2521
0.0048,155.5927
0.0049,120.6292
0.0077,53.6599
0.0067,108.2706
0.008,201.3304
0.0052,107.4255
0.0051,176.8243
0.0041,211.154
0.0109,11.3024
0.0051,18.8021
0.0037,165.0994
0.0107,92.0036
0.0061,120.6292
0.0062,265.3421
-0.0032,47.639
0.0066,25.3512
0.0087,158.4447
0.0071,152.5294
0.0048,90.736
0.0045,125.6995
0.0047,138.5863
0.006,152.5294
0.0029,40.8787
0.0077,57.1457
0.0044,113.3408
0.0064,147.5648
0.0052,86.9333
0.0078,71.4058
0.0056,50.5967
0.0089,191.0843
0.0039,247.9132
0.0065,57.4626
0.0079,45.6321
0.0105,86.5108
0.0053,125.1713
0.0035,121.3687
0.0066,20.3866
0.0033,25.1399
0.0071,138.9032
0.01,152.5294
0.0035,77.9548
0.0042,137.7413
0.0046,170.5921
0.002,64.7511
0.0061,182.4227
0.004,105.6298
0.0064,124.0094
0.0038,62.6385
0.0033,14.8938
0.0059,226.8928
0.0058,11.408
0.0043,245.8006
0.0048,160.6629
0.0066,24.1892
0.0048,122.9531
0.0036,141.1214
0.0055,116.7209
0.0064,39.9281
0.006,200.6966
0.0044,67.92
0.0044,110.4888
0.0038,202.8092
0.007,152.5294
0.0105,132.1429
0.0039,274.5319
0.0049,206.4007
0.0042,204.6049
0.0035,178.62
0.0052,152.1069
0.0073,186.331
0.0085,124.2207
0.005,72.8846
0.0049,189.3943
0.0072,120.9461
0.0045,201.6473
0.0069,59.0471
0.0034,150.1
0.005,84.6095
0.0034,95.9119
0.0058,48.5897
0.0066,93.3768
0.0053,122.425
0.0085,137.4244
0.005,187.2817
0.0068,60.8428
0.0035,61.3709
0.004,138.7976
0.0042,79.1167
0.0053,45.1039
0.0062,244.1105
0.0033,88.4122
0.0062,161.6136
0.0061,153.3745
0.0066,74.469
0.0045,147.7761
0.004,10.563
0.0012,104.996
0.0038,92.2148
0.004,153.3745
0.0106,51.3361
0.005,58.6245
0.0043,124.2207
0.0084,12.7812
0.0047,40.5618
0.0047,46.4771
0.0094,109.9606
0.0138,119.5729
0.0096,154.9589
0.0059,68.6594
0.0052,107.6368
0.0149,136.7906
0.0053,149.1493
-0.0027,113.1295
0.0044,14.3657
0.0083,90.4191
0.0073,111.862
0.0039,174.2892
0.0046,157.7053
0.0046,179.3594
0.0051,115.1365
0.0118,86.7221
0.0063,92.4261
0.0111,97.2851
0.0031,103.5172
0.0067,112.9183
0.0067,161.9305
0.0049,59.8921
0.0052,50.1742
0.0097,158.5503
0.0055,97.3907
0.0056,109.3269
0.0065,170.3809
0.0041,137.9525
0.0089,119.4673
0.0062,220.7663
0.0062,75.4197
0.0079,137.53
0.0076,178.7256
0.0031,134.4668
0.0043,36.231
0.0075,66.5468
0.0051,6.2322
0.0049,128.8684
-0.0038,172.916
0.0122,102.144
0.0098,53.7656
0.0097,84.187
0.0041,100.6652
0.0066,54.505
0.004,119.6786
0.0111,144.396
0.0047,21.6541
0.0053,226.5759
0.0053,112.9183
0.0073,137.6356
0.0062,152.7407
0.0049,37.393
0.0083,184.1128
0.0036,100.8765
0.004,61.054
0.0059,106.8974
0.0051,163.7262
0.0078,73.3071
0.0084,82.8138
0.012,30.3158
0.0088,194.5701
0.0132,83.9757
0.0087,70.0326
0.0003,147.1423
0.0059,30.6326
0.0071,125.6995
0.0018,150.6281
0.0049,68.765
0.0044,184.8522
0.007,82.6025
0.0045,178.5144
0.0097,131.1922
0.0068,113.8689
0.0057,30.2101
0.0039,111.9676
0.0094,106.0523
0.0062,249.8145
0.0059,119.5729
0.0064,144.2903
0.0027,15.422
0.0057,120.6292
0.0079,100.6652
0.0092,100.6652
0.0133,98.1301
0.013,140.1708
0.0058,48.1672
0.0135,116.2984
0.0084,107.9537
0.0035,161.4024
0.0077,95.4893
0.0055,104.8904
0.0068,89.4685
0.0073,182.7396
0.0049,146.4029
0.0048,102.5665
0.0111,163.4093
0.0077,154.0083
0.0046,18.4852
0.0052,239.9909
0.0052,87.6727
0.0055,220.7663
0.0056,92.2148
0.0118,34.9635
0.0054,103.5172
0.0076,110.7
0.0059,181.8945
0.0136,165.9444
0.0077,59.2583
0.0058,145.1354
0.0064,207.8795
0.0062,175.8736
0.0072,185.4859
0.0038,152.2126
0.0043,45.7377
0.0077,191.2956
0.0044,104.7848
0.0046,73.8352
0.0056,66.758
0.0039,130.5584
0.0076,50.491
0.0067,55.7725
0.0059,44.9983
0.004,50.8079
0.0088,68.1312
0.0047,137.6356
0.0046,80.3843
0.0056,148.093
0.0054,120.9461
0.0032,213.7947
0.0042,94.3274
0.0033,239.9909
0.0058,221.8226
0.0049,60.7371
0.0106,154.2195
0.0061,210.7315
0.0091,150.5225
0.0039,82.9194
0.0086,102.7778
0.0042,37.7098
0.0033,178.1975
0.0127,95.7006
0.0068,49.0122
0.0035,89.3628
0.0051,37.7098
0.0032,103.7285
0.0194,185.4859
0.0041,84.6095
0.0039,172.071
0.0284,54.1881
0.0064,146.5085
0.0095,215.2736
0.0046,183.0565
0.0069,101.6159
0.0088,104.151
-0.0039,141.6496
0.0045,133.7273
0.0084,134.5724
0.0025,83.9757
0.0065,74.9972
0.0052,113.552
0.0043,86.2996
0.0093,17.2177
0.0051,183.5846
0.0038,198.7953
0.0058,78.6942
0.0054,115.1365
0.0113,105.1017
0.0033,139.7482
0.0034,169.0077
0.0067,72.1452
0.0049,199.2178
0.0031,206.6119
0.0079,51.9699
0.0067,79.0111
0.0073,103.4116
0.0031,54.8219
0.0057,23.2386
0.0063,61.1597
0.004,205.7669
0.005,263.652
0.0052,86.8277
0.0042,102.7778
0.0052,220.2382
0.0037,88.8347
0.0039,239.4628
0.0083,147.3536
0.0048,141.0158
0.0042,51.4417
0.0046,139.537
0.0032,140.2764
0.0048,96.5456
0.0109,280.6584
0.0037,176.8243
0.0104,113.4464
0.0058,59.0471
0.0035,173.4442
0.0067,166.6838
0.0056,194.1476
0.0053,94.4331
0.0029,236.822
0.0077,119.0448
0.0048,133.4105
0.008,81.6518
0.0039,102.144
0.0049,170.2753
0.0129,90.2079
0.0048,92.6373
0.0136,184.4297
0.0042,185.9085
0.0055,76.6872
0.0048,134.0442
-0.0002,96.0175
0.0078,150.3112
0.0047,37.1817
0.0033,26.5131
0.0055,101.1934
0.0036,146.5085
0.0046,74.1521
0.0052,210.0977
0.0069,81.2293
0.008,177.3525
0.0073,111.6507
0.0053,71.617
0.0057,33.0621
0.0047,78.4829
0.014,12.3587
0.0038,53.6599
0.0058,91.6867
0.0052,200.1685
0.0046,102.5665
0.0071,76.8985
0.0054,98.0245
0.0033,272.8418
0.0046,58.3077
0.0089,73.0958
0.0069,174.5004
0.0071,117.566
0.0066,150.945
0.0139,143.234
0.0037,140.5933
0.0028,133.6217
0.0034,92.743
0.003,15.8445
0.0084,82.4969
0.004,177.6693
0.01,184.0071
0.0065,120.2067
0.0019,120.2067
0.0041,74.1521
0.0047,225.0971
0.0145,158.2335
0.0085,159.8179
-0.004,150.1
0.0213,197.3165
0.0055,39.5055
0.0058,131.826
0.0148,110.5944
0.0168,80.3843
0.0068,233.3363
0.0035,156.4378
0.0028,107.4255
0.0099,123.1644
0.0049,84.9264
0.0062,129.3965
0.0033,56.6176
0.0053,175.768
0.0049,82.3913
0.0041,154.3252
0.0035,101.4046
0.0216,105.1017
0.0041,110.9113
0.0077,60.3146
0.0039,194.3589
0.0027,11.5136
0.004,63.8004
0.0035,96.8625
0.0042,127.1783
0.0165,225.6253
0.0082,101.9328
0.0041,166.4726
0.005,20.3866
0.0077,176.4018
0.0028,108.9043
0.0037,180.2045
0.0021,140.2764
0.0048,144.2903
0.0042,166.5782
0.0041,177.4581
0.0074,88.5178
0.0052,140.6989
0.0092,174.8173
0.0032,125.4882
0.0036,160.5573
0.0042,51.7586
0.0074,147.3536
0.0044,54.9275
0.0132,123.3756
0.0088,66.3355
0.0081,104.7848
0.0064,29.9989
0.0067,148.3043
0.0066,101.8271
0.0068,34.3297
0.0036,135.523
0.003,123.7981
0.0172,166.367
0.0045,132.1429
0.0036,101.299
0.0053,171.1203
0.0047,203.2318
0.0057,58.6245
0.0042,106.2636
0.0051,131.4035
0.0024,181.8945
0.003,96.8625
0.0033,206.6119
0.0088,26.0906
0.0042,43.8364
0.0073,124.9601
0.0051,91.2642
0.0028,209.9921
0.005,143.7622
0.005,43.7307
0.0071,188.2323
0.0047,109.7494
0.0066,167.0007
0.0044,35.386
0.0025,32.2171
0.0039,128.8684
0.0035,65.8074
0.0042,180.2045
0.0077,164.8881
0.0099,99.5033
0.0137,153.9026
0.0053,57.4626
0.0072,60.9484
0.0032,135.9456
0.0056,18.274
0.0043,171.1203
0.0049,74.2578
0.0048,111.0169
0.0049,96.5456
0.0038,74.1521
0.0063,27.0412
0.0047,118.3054
0.0059,89.0459
0.0085,96.5456
0.0074,97.8132
0.0073,114.9252
0.0064,87.1446
0.0049,241.2585
0.0038,190.1337
0.0065,252.5609
0.0135,129.2909
0.0081,276.1163
0.007,121.4743
0.0086,11.0911
0.0046,17.2177
0.0056,221.4001
0.0054,170.2753
0.0064,172.916
0.0026,18.3796
0.0042,100.6652
0.0023,192.2463
0.0084,111.862
0.0057,134.0442
0.0028,112.1789
0.0053,138.0582
0.0043,176.0849
0.0041,148.8324
0.0039,143.1284
0.0042,176.9299
0.0047,35.2804
0.0108,71.617
0.0037,115.7703
0.0057,77.6379
0.0079,57.1457
0.0035,62.5328
-0.0008,23.2386
0.007,152.952
0.0063,217.0693
0.0092,44.0476
0.004,133.6217
0.0088,151.5788
0.0083,134.678
0.0035,117.1435
0.0049,71.1945
0.0047,52.9205
0.0062,94.9612
0.0051,10.3517
0.0043,67.6031
0.0047,265.3421
0.009,129.7134
0.0039,62.9554
0.0048,60.8428
0.0118,100.0314
-0.004,153.3745
0.004,220.1325
0.0046,167.7401
0.0035,108.4818
0.0088,17.112
0.0118,96.44
0.0056,181.6833
0.0034,96.2288
0.0091,99.0808
0.0035,72.2508
0.0039,159.501
0.008,67.8143
0.0049,289.6369
0.0054,143.9734
0.003,103.5172
0.0069,72.8846
0.0104,169.8527
0.0061,172.4935
0.0056,80.0674
-0.004,136.2625
-0.0015,46.2659
0.0129,24.5061
0.009,73.624
0.0026,184.5353
0.0034,189.2886
0.0069,75.3141
0.0039,108.0593
0.0084,166.5782
0.0041,83.9757
0.0037,141.8608
0.0059,146.5085
0.0048,114.5027
0.0066,30.7383
0.006,107.2143
0.0054,201.9642
0.0063,131.6147
0.0044,149.2549
0.0068,163.1981
0.0026,105.1017
0.0102,92.4261
0.0058,179.0425
0.0076,156.8603
0.0038,110.0663
0.0043,171.1203
0.0049,68.6594
0.0095,72.6733
0.0034,105.4186
0.003,115.8759
0.0056,96.3344
0.0223,113.1295
0.0062,55.2444
0.0041,19.7528
0.005,144.0791
0.0086,95.4893
0.007,21.6541
0.0044,144.1847
0.0065,123.4812
0.0095,77.4267
0.0035,110.9113
0.0059,98.0245
0.008,33.0621
0.0034,155.6983
0.0041,124.9601
0.0053,114.714
0.0044,151.6844
0.0032,57.357
0.0043,130.4528
0.006,70.4551
0.0043,79.0111
0.0038,45.8433
0.0071,173.2329
0.004,163.8318
0.0027,121.1574
0.0052,227.3154
0.0063,122.6362
0.0029,163.8318
0.0284,78.0604
0.006,128.5515
0.0048,108.3762
0.0064,75.6309
0.0051,132.3542
0.0041,202.9149
0.011,45.1039
0.0038,168.057
0.0047,226.8928
0.0087,112.6014
0.0057,133.6217
0.0063,29.4707
0.0095,98.3414
0.0058,160.0292
0.0066,49.0122
0.0048,158.2335
0.0138,131.4035
0.0027,47.9559
0.0059,17.2177
0.0046,40.1393
0.0058,138.7976
0.0079,39.6112
0.0046,123.6925
0.0052,60.7371
0.0099,102.5665
0.0045,49.2235
0.0043,113.9746
0.0045,147.7761
0.0089,53.9768
0.0031,54.6106
0.0048,82.4969
0.0055,124.8544
0.0023,202.1755
0.006,108.3762
0.0046,242.526
0.0074,67.3918
0.0054,116.2984
0.0053,128.7627
0.0081,93.7993
0.0108,41.8294
0.0047,124.9601
0.0058,220.555
0.0039,96.1231
0.0087,128.974
0.0045,81.0181
0.0118,101.9328
0.0053,19.964
0.0052,122.3193
0.0162,200.9079
0.0082,51.0192
0.0041,167.212
0.0018,121.4743
0.0052,140.6989
0.0062,18.0627
0.006,179.8876
0.0052,170.064
0.0067,94.7499
0.0063,94.9612
0.0045,27.5694
0.0046,186.7535
0.0044,157.7053
0.0055,98.8695
0.0051,24.0836
0.0065,135.8399
0.0135,67.6031
0.0048,114.5027
0.0037,108.9043
0.004,209.5695
0.0198,61.4766
0.0037,100.2427
0.0082,162.353
0.0051,374.2464
0.0043,191.6125
0.0069,134.678
0.0069,74.8915
0.0039,51.1248
0.0111,65.068
0.0022,120.2067
0.0057,133.6217
0.0055,201.9642
0.0034,145.4523
0.0047,110.2775
0.0238,169.1133
0.0179,74.3634
0.0046,150.5225
0.0151,79.9618
0.006,140.4876
0.0072,128.7627
0.0135,22.4991
0.0167,129.0796
0.0067,170.5921
0.0046,142.2834
0.0059,87.6727
0.0041,30.4214
0.0049,121.5799
0.0042,9.4011
0.0041,109.855
0.0027,66.9693
0.0039,82.0744
0.0053,122.2137
0.0056,61.6878
0.0097,170.2753
0.0146,60.1034
0.0055,51.7586
0.005,106.3692
0.0053,53.9768
0.0086,60.5259
0.0053,53.1318
0.0084,59.9977
0.0062,100.454
0.008,120.8405
0.0094,36.6535
0.0052,98.6582
0.0051,55.9838
0.0068,67.2862
0.0071,222.3508
0.0042,79.4336
0.0048,168.6908
0.005,233.6531
0.0043,45.1039
0.0129,131.4035
0.0037,112.6014
0.0064,188.6548
0.0034,122.425
0.0055,151.1563
0.0039,180.5213
0.0079,117.8829
0.0062,83.8701
0.0065,136.1568
0.0046,67.8143
0.0041,116.4041
0.0048,71.3001
0.0061,84.0813
0.0056,68.6594
0.0057,114.0802
0.0055,91.7923
0.0045,178.0919
-0.0038,174.7117
0.0035,162.8812
0.0066,136.2625
0.0049,123.5869
0.0041,115.3478
0.0041,269.5673
0.0139,147.248
0.0109,205.7669
0.006,230.5899
0.0082,67.7087
0.015,200.2741
0.0068,61.1597
0.0036,215.0623
0.0086,36.8648
0.0032,99.7145
0.0053,213.4778
0.005,173.9723
-0.004,95.0668
0.0054,86.2996
0.0053,101.1934
0.0018,68.9763
0.0061,215.4848
0.0083,193.0913
0.0085,102.2497
0.0066,47.5334
0.0076,175.5567
0.0056,89.0459
0.0029,67.8143
0.0053,48.6953
0.0039,114.6083
0.0061,124.8544
0.0113,154.1139
0.0065,222.7733
0.004,53.7656
0.005,167.212
0.0049,226.2591
0.0097,19.7528
0.0062,132.5654
0.0041,106.2636
0.0052,129.7134
