mouse,section,target,slot,roi_source,roi_tissue_mm2,n_cells,cells_per_mm2,n_gfp_pos,fraction_gfp_pos,median_cell_gfp,threshold,norm_lo,norm_hi
1,section_s2,1,1,finetuned,2.346,1940,827.0,1444,0.7443,0.1483,0.0575,214.0,22677.0
1,section_s2,2,2,finetuned,2.378,4193,1763.4,3119,0.7439,0.1274,0.0575,214.0,22677.0
1,section_s2,3,3,finetuned,2.378,678,285.1,96,0.1416,0.0336,0.0575,214.0,22677.0
1,section_s2,4,4,finetuned,2.337,1022,437.4,634,0.6204,0.1216,0.0575,214.0,22677.0
1,section_s2,5,5,finetuned,2.378,1781,749.0,1776,0.9972,0.2326,0.0575,214.0,22677.0
1,section_s2,6,6,finetuned,2.301,281,122.1,280,0.9964,0.1675,0.0575,214.0,22677.0
1,section_s4,1,1,finetuned,1.625,2318,1426.4,2109,0.9098,0.3377,0.0575,151.0,18008.0
1,section_s4,2,2,finetuned,2.378,2450,1030.4,2400,0.9796,0.1552,0.0575,151.0,18008.0
1,section_s4,3,3,finetuned,2.315,1305,563.7,176,0.1349,0.0435,0.0575,151.0,18008.0
1,section_s4,4,4,finetuned,2.339,1645,703.4,1644,0.9994,0.2567,0.0575,151.0,18008.0
1,section_s4,5,5,finetuned,2.378,1462,614.9,1445,0.9884,0.1508,0.0575,151.0,18008.0
1,section_s4,6,6,finetuned,2.378,1073,451.2,947,0.8826,0.1225,0.0575,151.0,18008.0
1,section_s5,1,4,finetuned,2.367,3101,1310.0,2469,0.7962,0.2859,0.0575,92.0,16307.0
1,section_s5,2,5,finetuned,2.378,1820,765.4,1371,0.7533,0.1279,0.0575,92.0,16307.0
1,section_s5,3,6,finetuned,2.123,549,258.6,29,0.0528,0.0383,0.0575,92.0,16307.0
1,section_s5,4,1,finetuned,2.355,2323,986.4,2261,0.9733,0.2505,0.0575,92.0,16307.0
1,section_s5,5,2,finetuned,2.226,2174,976.5,9,0.0041,0.0135,0.0575,92.0,16307.0
1,section_s5,6,3,finetuned,2.096,442,210.9,1,0.0023,0.0118,0.0575,92.0,16307.0
1,section_s6,1,4,finetuned,2.329,1076,461.9,966,0.8978,0.1671,0.0575,232.0,62144.4
1,section_s6,2,5,finetuned,2.378,1628,684.7,1200,0.7371,0.1112,0.0575,232.0,62144.4
1,section_s6,3,6,finetuned,2.378,914,384.4,42,0.046,0.0263,0.0575,232.0,62144.4
1,section_s6,4,1,finetuned,2.034,1693,832.3,1516,0.8955,0.2743,0.0575,232.0,62144.4
1,section_s6,5,2,finetuned,2.378,1732,728.4,1693,0.9775,0.1088,0.0575,232.0,62144.4
1,section_s6,6,3,finetuned,2.378,609,256.1,229,0.376,0.0455,0.0575,232.0,62144.4
