mouse,section,target,slot,centre_row,centre_col,semi_a_px,semi_b_px,angle_deg
1,section_s2,1,1,4297.2,1796.9,669.2,669.2,0.0
1,section_s2,2,2,6182.8,2502.5,669.2,669.2,0.0
1,section_s2,3,3,4887.0,3434.2,669.2,669.2,0.0
1,section_s2,4,4,2462.4,2611.7,669.2,669.2,0.0
1,section_s2,5,5,1713.3,3957.7,669.2,669.2,0.0
1,section_s2,6,6,3141.3,4140.7,669.2,669.2,0.0
1,section_s4,1,1,5133.7,1009.9,669.2,669.2,0.0
1,section_s4,2,2,6672.6,2298.0,669.2,669.2,0.0
1,section_s4,3,3,5200.2,2681.6,669.2,669.2,0.0
1,section_s4,4,4,3127.6,1089.7,669.2,669.2,0.0
1,section_s4,5,5,1900.3,2418.7,669.2,669.2,0.0
1,section_s4,6,6,3232.9,2493.0,669.2,669.2,0.0
1,section_s5,1,4,3861.5,772.5,669.2,669.2,0.0
1,section_s5,2,5,2301.0,1856.1,669.2,669.2,0.0
1,section_s5,3,6,3706.9,2438.4,669.2,669.2,0.0
1,section_s5,4,1,5860.6,958.1,669.2,669.2,0.0
1,section_s5,5,2,7069.6,2414.4,669.2,669.2,0.0
1,section_s5,6,3,5706.0,2623.9,669.2,669.2,0.0
1,section_s6,1,4,3904.3,1527.1,669.2,669.2,0.0
1,section_s6,2,5,2379.1,2357.5,669.2,669.2,0.0
1,section_s6,3,6,3584.7,3169.4,669.2,669.2,0.0
1,section_s6,4,1,5875.0,1910.6,669.2,669.2,0.0
1,section_s6,5,2,6825.3,3305.4,669.2,669.2,0.0
1,section_s6,6,3,5496.2,3553.1,669.2,669.2,0.0
2,slide01_s2,1,1,2001.7,3423.3,669.2,669.2,0.0
2,slide01_s2,2,2,2755.0,1670.2,669.2,669.2,0.0
2,slide01_s2,3,3,3618.5,2953.4,669.2,669.2,0.0
2,slide01_s2,4,4,2447.6,5348.2,669.2,669.2,0.0
2,slide01_s2,5,5,4189.1,6230.4,669.2,669.2,0.0
2,slide01_s2,6,6,4293.8,4703.4,669.2,669.2,0.0
2,slide01_s3,1,1,3502.9,3138.7,656.2,645.0,0.0
2,slide01_s3,2,2,4785.0,1628.2,669.2,669.2,0.0
2,slide01_s3,3,3,5181.4,3014.2,669.2,669.2,0.0
2,slide01_s3,4,4,3522.6,5288.8,669.2,669.2,0.0
2,slide01_s3,5,5,4992.6,6308.1,669.2,669.2,0.0
2,slide01_s3,6,6,5286.9,4912.7,669.2,669.2,0.0
2,slide01_s4,1,4,1910.0,4218.0,669.2,669.2,0.0
2,slide01_s4,2,5,2866.5,5851.3,669.2,669.2,0.0
2,slide01_s4,3,6,3693.2,4494.6,669.2,669.2,0.0
2,slide01_s4,4,1,2507.6,2172.8,669.2,669.2,0.0
2,slide01_s4,5,2,3961.9,1337.9,669.2,669.2,0.0
2,slide01_s4,6,3,3989.1,2959.9,669.2,669.2,0.0
2,slide02_s2,1,4,2305.5,4728.5,669.2,669.2,0.0
2,slide02_s2,2,5,3525.3,6175.9,669.2,669.2,0.0
2,slide02_s2,3,6,3972.5,4870.8,669.2,669.2,0.0
2,slide02_s2,4,1,2476.3,2728.1,669.2,669.2,0.0
2,slide02_s2,5,2,3923.7,1508.3,669.2,669.2,0.0
2,slide02_s2,6,3,4143.2,2870.4,669.2,669.2,0.0
2,slide02_s3,1,4,3101.5,6128.7,669.2,669.2,0.0
2,slide02_s3,2,5,4536.5,6985.0,669.2,669.2,0.0
2,slide02_s3,3,6,4603.2,5462.2,669.2,669.2,0.0
2,slide02_s3,4,1,2464.2,3690.7,669.2,669.2,0.0
2,slide02_s3,5,2,3485.7,2348.1,669.2,669.2,0.0
2,slide02_s3,6,3,4237.2,3665.0,669.2,669.2,0.0
2,slide02_s4,1,4,3655.2,5381.9,669.2,669.2,0.0
2,slide02_s4,2,5,5203.9,6470.2,669.2,669.2,0.0
2,slide02_s4,3,6,5303.3,5094.1,669.2,669.2,0.0
2,slide02_s4,4,1,3239.9,3077.8,669.2,669.2,0.0
2,slide02_s4,5,2,4358.1,1849.5,669.2,669.2,0.0
2,slide02_s4,6,3,4958.0,3116.4,669.2,669.2,0.0
2,slide03_s2,1,4,3183.2,5934.8,669.2,669.2,0.0
2,slide03_s2,2,5,5013.1,6419.1,669.2,669.2,0.0
2,slide03_s2,3,6,4629.6,5093.9,669.2,669.2,0.0
2,slide03_s2,4,1,1991.8,3911.7,669.2,669.2,0.0
2,slide03_s2,5,2,2658.4,2369.3,669.2,669.2,0.0
2,slide03_s2,6,3,3620.4,3358.2,669.2,669.2,0.0
2,slide03_s3,1,4,1502.3,3028.1,669.2,669.2,0.0
2,slide03_s3,2,5,1471.4,4920.7,669.2,669.2,0.0
2,slide03_s3,3,6,2665.8,4230.3,669.2,669.2,0.0
2,slide03_s3,4,1,3164.1,1402.8,669.2,669.2,0.0
2,slide03_s3,5,2,4837.5,1662.8,669.2,669.2,0.0
2,slide03_s3,6,3,4108.4,2834.1,669.2,669.2,0.0
2,slide03_s4,1,4,2085.5,5284.7,669.2,669.2,0.0
2,slide03_s4,2,5,3623.1,6388.7,669.2,669.2,0.0
2,slide03_s4,3,6,3736.5,5013.7,669.2,669.2,0.0
2,slide03_s4,4,1,1760.2,3303.5,669.2,669.2,0.0
2,slide03_s4,5,2,2864.2,1765.9,669.2,669.2,0.0
2,slide03_s4,6,3,3411.2,3032.5,669.2,669.2,0.0
2,slide04_s2,1,1,1752.2,2297.1,669.2,669.2,0.0
2,slide04_s2,2,2,3254.5,1145.5,669.2,669.2,0.0
2,slide04_s2,3,3,3410.8,2516.3,669.2,669.2,0.0
2,slide04_s2,4,4,1489.1,4287.4,669.2,669.2,0.0
2,slide04_s2,5,5,2640.6,5789.7,669.2,669.2,0.0
2,slide04_s2,6,6,3147.8,4506.7,669.2,669.2,0.0
2,slide04_s3,1,1,2280.5,5128.5,669.2,669.2,0.0
2,slide04_s3,2,2,1402.6,3451.6,669.2,669.2,0.0
2,slide04_s3,3,3,2779.9,3531.7,669.2,669.2,0.0
2,slide04_s3,4,4,4397.0,5778.4,669.2,669.2,0.0
2,slide04_s3,5,5,5873.5,4849.8,669.2,669.2,0.0
2,slide04_s3,6,6,4696.0,4131.0,669.2,669.2,0.0
2,slide04_s4,1,4,2093.3,5703.4,669.2,669.2,0.0
2,slide04_s4,2,5,3598.4,6851.2,669.2,669.2,0.0
2,slide04_s4,3,6,3751.4,5480.1,669.2,669.2,0.0
2,slide04_s4,4,1,1825.3,3713.7,669.2,669.2,0.0
2,slide04_s4,5,2,2973.1,2208.5,669.2,669.2,0.0
2,slide04_s4,6,3,3483.4,3490.3,669.2,669.2,0.0
