mouse,target,dose,n_sonications,n_slices,gfp_area_mm2,gfp_cells,cells,gfp_area_mm2_rel,gfp_cells_rel
1,1,2.4413,3,4,5.3525,5542,8435,1.5479,1.867
1,2,1.1015,1,4,4.7202,4427,10091,1.3651,1.4914
1,3,0.0,0,4,0.1351,35,3446,0.0391,0.0118
1,4,1.3457,1,4,5.5505,4968,6683,1.6052,1.6737
1,5,0.9466,1,4,3.1515,2415,7149,0.9114,0.8136
1,6,1.3164,1,4,1.8373,423,2405,0.5313,0.1425
2,1,0.6247,1,12,4.994,11744,70417,0.5742,0.6428
2,2,1.0215,1,12,6.4333,17412,70604,0.7397,0.953
2,3,0.7665,1,12,11.3006,17478,40311,1.2994,0.9566
2,4,1.0703,1,12,12.2281,34574,74550,1.4061,1.8923
2,5,0.3688,1,12,3.7178,6816,68300,0.4275,0.373
2,6,1.5973,1,12,13.5068,21603,40889,1.5531,1.1824
