section,target,coverage,placement,mouse,dropped,dose,n_sonications,slice_mean,low_signal,z,label
section_s2,1,0.4792,finetuned,1,,2.4413,3,0.3844,False,0.5304,s2
section_s2,2,0.491,finetuned,1,,1.1015,1,0.3844,False,0.5966,s2
section_s2,3,0.0325,finetuned,1,,0.0,0,0.3844,False,-1.9692,s2
section_s2,4,0.3639,finetuned,1,,1.3457,1,0.3844,False,-0.1144,s2
section_s2,5,0.4547,finetuned,1,,0.9466,1,0.3844,False,0.3934,s2
section_s2,6,0.485,finetuned,1,,1.3164,1,0.3844,False,0.5631,s2
section_s4,1,0.6823,finetuned,1,,2.4413,3,0.44,False,0.8694,s4
section_s4,2,0.5269,finetuned,1,,1.1015,1,0.44,False,0.312,s4
section_s4,3,0.0071,finetuned,1,,0.0,0,0.44,False,-1.5528,s4
section_s4,4,0.7386,finetuned,1,,1.3457,1,0.44,False,1.0711,s4
section_s4,5,0.458,finetuned,1,,0.9466,1,0.44,False,0.0645,s4
section_s4,6,0.2269,finetuned,1,,1.3164,1,0.44,False,-0.7642,s4
section_s5,1,0.67,finetuned,1,,2.4413,3,0.2861,False,1.1775,s5
section_s5,2,0.3863,finetuned,1,,1.1015,1,0.2861,False,0.3071,s5
section_s5,3,0.007,finetuned,1,,0.0,0,0.2861,False,-0.8561,s5
section_s5,4,0.6515,finetuned,1,,1.3457,1,0.2861,False,1.1208,s5
section_s5,5,0.0018,finetuned,1,,0.9466,1,0.2861,False,-0.8721,s5
section_s5,6,0.0001,finetuned,1,,1.3164,1,0.2861,False,-0.8773,s5
section_s6,1,0.6585,finetuned,1,,2.4413,3,0.4075,False,0.8373,s6
section_s6,2,0.5808,finetuned,1,,1.1015,1,0.4075,False,0.578,s6
section_s6,3,0.0112,finetuned,1,,0.0,0,0.4075,False,-1.3216,s6
section_s6,4,0.7071,finetuned,1,,1.3457,1,0.4075,False,0.9992,s6
section_s6,5,0.4109,finetuned,1,,0.9466,1,0.4075,False,0.0116,s6
section_s6,6,0.0763,finetuned,1,,1.3164,1,0.4075,False,-1.1045,s6
slide01_s2,1,0.0893,finetuned,2,,0.6247,1,0.0832,True,0.0881,slide 1 · s2
slide01_s2,2,0.1922,finetuned,2,,1.0215,1,0.0832,True,1.5696,slide 1 · s2
slide01_s2,3,0.059,finetuned,2,,0.7665,1,0.0832,True,-0.348,slide 1 · s2
slide01_s2,4,0.1296,finetuned,2,,1.0703,1,0.0832,True,0.6682,slide 1 · s2
slide01_s2,5,0.018,finetuned,2,,0.3688,1,0.0832,True,-0.9382,slide 1 · s2
slide01_s2,6,0.0109,finetuned,2,,1.5973,1,0.0832,True,-1.0396,slide 1 · s2
slide01_s3,1,0.4996,finetuned,2,,0.6247,1,0.589,False,-0.2672,slide 1 · s3
slide01_s3,2,0.2477,finetuned,2,,1.0215,1,0.589,False,-1.0202,slide 1 · s3
slide01_s3,3,0.8792,finetuned,2,,0.7665,1,0.589,False,0.8675,slide 1 · s3
slide01_s3,4,0.8782,finetuned,2,,1.0703,1,0.589,False,0.8644,slide 1 · s3
slide01_s3,5,0.1567,finetuned,2,,0.3688,1,0.589,False,-1.2921,slide 1 · s3
slide01_s3,6,0.8726,finetuned,2,,1.5973,1,0.589,False,0.8476,slide 1 · s3
slide01_s4,1,0.0832,finetuned,2,,0.6247,1,0.1946,True,-0.7945,slide 1 · s4
slide01_s4,2,0.0202,finetuned,2,,1.0215,1,0.1946,True,-1.2431,slide 1 · s4
slide01_s4,3,0.119,finetuned,2,,0.7665,1,0.1946,True,-0.5391,slide 1 · s4
slide01_s4,4,0.2577,finetuned,2,,1.0703,1,0.1946,True,0.4501,slide 1 · s4
slide01_s4,5,0.3177,finetuned,2,,0.3688,1,0.1946,True,0.8773,slide 1 · s4
slide01_s4,6,0.3698,finetuned,2,,1.5973,1,0.1946,True,1.2492,slide 1 · s4
slide02_s2,1,0.0489,finetuned,2,,0.6247,1,0.1383,True,-0.5491,slide 2 · s2
slide02_s2,2,0.4566,finetuned,2,,1.0215,1,0.1383,True,1.9571,slide 2 · s2
slide02_s2,3,0.1441,finetuned,2,,0.7665,1,0.1383,True,0.0357,slide 2 · s2
slide02_s2,4,0.1135,finetuned,2,,1.0703,1,0.1383,True,-0.1523,slide 2 · s2
slide02_s2,5,0.0446,finetuned,2,,0.3688,1,0.1383,True,-0.5755,slide 2 · s2
slide02_s2,6,0.0218,finetuned,2,,1.5973,1,0.1383,True,-0.7158,slide 2 · s2
slide02_s3,1,0.0684,finetuned,2,,0.6247,1,0.3737,False,-0.8409,slide 2 · s3
slide02_s3,2,0.0278,finetuned,2,,1.0215,1,0.3737,False,-0.9527,slide 2 · s3
slide02_s3,3,0.4311,finetuned,2,,0.7665,1,0.3737,False,0.158,slide 2 · s3
slide02_s3,4,0.635,finetuned,2,,1.0703,1,0.3737,False,0.7193,slide 2 · s3
slide02_s3,5,0.1404,finetuned,2,,0.3688,1,0.3737,False,-0.6426,slide 2 · s3
slide02_s3,6,0.9399,finetuned,2,,1.5973,1,0.3737,False,1.5588,slide 2 · s3
slide02_s4,1,0.431,finetuned,2,,0.6247,1,0.5614,False,-0.3926,slide 2 · s4
slide02_s4,2,0.2456,finetuned,2,,1.0215,1,0.5614,False,-0.9511,slide 2 · s4
slide02_s4,3,0.8871,finetuned,2,,0.7665,1,0.5614,False,0.9813,slide 2 · s4
slide02_s4,4,0.8104,finetuned,2,,1.0703,1,0.5614,False,0.7501,slide 2 · s4
slide02_s4,5,0.1379,finetuned,2,,0.3688,1,0.5614,False,-1.2756,slide 2 · s4
slide02_s4,6,0.8562,finetuned,2,,1.5973,1,0.5614,False,0.888,slide 2 · s4
slide03_s2,1,0.0505,finetuned,2,,0.6247,1,0.4802,False,-1.1073,slide 3 · s2
slide03_s2,2,0.0592,finetuned,2,,1.0215,1,0.4802,False,-1.0849,slide 3 · s2
slide03_s2,3,0.6762,finetuned,2,,0.7665,1,0.4802,False,0.5049,slide 3 · s2
slide03_s2,4,0.8269,finetuned,2,,1.0703,1,0.4802,False,0.8932,slide 3 · s2
slide03_s2,5,0.3301,finetuned,2,,0.3688,1,0.4802,False,-0.3868,slide 3 · s2
slide03_s2,6,0.9385,finetuned,2,,1.5973,1,0.4802,False,1.1809,slide 3 · s2
slide03_s3,1,0.0114,finetuned,2,,0.6247,1,0.2545,False,-0.9316,slide 3 · s3
slide03_s3,2,0.0101,finetuned,2,,1.0215,1,0.2545,False,-0.9368,slide 3 · s3
slide03_s3,3,0.1708,finetuned,2,,0.7665,1,0.2545,False,-0.3206,slide 3 · s3
slide03_s3,4,0.482,finetuned,2,,1.0703,1,0.2545,False,0.8721,slide 3 · s3
slide03_s3,5,0.1985,finetuned,2,,0.3688,1,0.2545,False,-0.2145,slide 3 · s3
slide03_s3,6,0.654,finetuned,2,,1.5973,1,0.2545,False,1.5314,slide 3 · s3
slide03_s4,1,0.0963,finetuned,2,,0.6247,1,0.1209,True,-0.1258,slide 3 · s4
slide03_s4,2,0.513,finetuned,2,,1.0215,1,0.1209,True,2.0005,slide 3 · s4
slide03_s4,3,0.0834,finetuned,2,,0.7665,1,0.1209,True,-0.1916,slide 3 · s4
slide03_s4,4,0.0152,finetuned,2,,1.0703,1,0.1209,True,-0.5395,slide 3 · s4
slide03_s4,5,0.0066,finetuned,2,,0.3688,1,0.1209,True,-0.5832,slide 3 · s4
slide03_s4,6,0.0111,finetuned,2,,1.5973,1,0.1209,True,-0.5604,slide 3 · s4
slide04_s2,1,0.0703,finetuned,2,,0.6247,1,0.1228,True,-0.3602,slide 4 · s2
slide04_s2,2,0.4128,finetuned,2,,1.0215,1,0.1228,True,1.9872,slide 4 · s2
slide04_s2,3,0.054,finetuned,2,,0.7665,1,0.1228,True,-0.4716,slide 4 · s2
slide04_s2,4,0.1147,finetuned,2,,1.0703,1,0.1228,True,-0.0556,slide 4 · s2
slide04_s2,5,0.0737,finetuned,2,,0.3688,1,0.1228,True,-0.3364,slide 4 · s2
slide04_s2,6,0.0114,finetuned,2,,1.5973,1,0.1228,True,-0.7634,slide 4 · s2
slide04_s3,1,0.4183,finetuned,2,,0.6247,1,0.546,False,-0.3743,slide 4 · s3
slide04_s3,2,0.1544,finetuned,2,,1.0215,1,0.546,False,-1.1479,slide 4 · s3
slide04_s3,3,0.8596,finetuned,2,,0.7665,1,0.546,False,0.9192,slide 4 · s3
slide04_s3,4,0.8017,finetuned,2,,1.0703,1,0.546,False,0.7494,slide 4 · s3
slide04_s3,5,0.1694,finetuned,2,,0.3688,1,0.546,False,-1.104,slide 4 · s3
slide04_s3,6,0.8727,finetuned,2,,1.5973,1,0.546,False,0.9576,slide 4 · s3
slide04_s4,1,0.3263,finetuned,2,,0.6247,1,0.2544,False,0.4144,slide 4 · s4
slide04_s4,2,0.424,finetuned,2,,1.0215,1,0.2544,False,0.9777,slide 4 · s4
slide04_s4,3,0.4543,finetuned,2,,0.7665,1,0.2544,False,1.1521,slide 4 · s4
slide04_s4,4,0.1386,finetuned,2,,1.0703,1,0.2544,False,-0.6679,slide 4 · s4
slide04_s4,5,0.0203,finetuned,2,,0.3688,1,0.2544,False,-1.3496,slide 4 · s4
slide04_s4,6,0.1631,finetuned,2,,1.5973,1,0.2544,False,-0.5267,slide 4 · s4
